pack	lemma_slp1	surface	locus	gloss_ru	status	flags	gloss_lemma	min_band	nkrya_tokens	synonym_proposal	synonym_ipm	synonym_band
hitopadesa-0	a	a	11	о	ok							
hitopadesa-0	abhigamana	abhigamanam	14	сближении	flag	inflected	сближение	3	сближение:S:3:15.08			
hitopadesa-0	abhijña	abhijñān	44	искусен	flag	inflected	искусный	3	искусный:A:3:12.86			
hitopadesa-0	abhyantara	abhyantare	44	внутреннее	ok			4	внутренний:A:4:193.64			
hitopadesa-0	abhāvin	abhāvi	29	достигают	flag	inflected	достигать	3	достигать:V:3:47.90			
hitopadesa-0	adhika	adhiko	25	выше	ok			3	выше:ADV:3:46.06			
hitopadesa-0	adhī	adhītam	24	изучив	flag	inflected	изучить	3	изучить:V:3:30.77			
hitopadesa-0	adravya	adravye	42	a nothing; a worthless thing; [medic.] not a dravya = e.g. the mental disposition of the…	not_russian	not_russian						
hitopadesa-0	agada	agadaḥ	29	здоровым	flag	inflected	здоровый	4	здоровый:A:4:104.60			
hitopadesa-0	agratas	agrataḥ	35	перед	ok							
hitopadesa-0	ah	āha	30	сказал	flag	inflected	сказать	5	сказать:V:5:2472.22			
hitopadesa-0	ahi	ahi	28	змея	ok			3	змея:S:3:27.43			
hitopadesa-0	ahāryatva	ahāryatvād	4	the state of not being liable to be taken away	not_russian	not_russian						
hitopadesa-0	ajara	ajara	3	нестареющий	flag	rare		1	нестареющий:A:1:0.35			
hitopadesa-0	ajāgalastana	ajāgalastanasya	26	nipple or fleshy protuberance on the neck of goats; an emblem of any useless or worthless…	not_russian	not_russian						
hitopadesa-0	ajāta	ajāta	13	неродившихся	flag	unknown			родиться:V:-:-			
hitopadesa-0	akṣama	akṣamāṇām	30	невыполнима	flag	inflected,soft_rare	невыполнимый	2	невыполнимый:A:2:2.12			
hitopadesa-0	akṣaya	akṣaya	4	нетленные	flag	soft_rare		2	нетленный:A:2:2.68			
hitopadesa-0	amara	amara	3	бессмертные	ok			3	бессмертный:A:3:16.79			
hitopadesa-0	ambā	ambā	16	мать	ok			4	мать:S:4:413.00			
hitopadesa-0	anadhigata	anadhigata	12	не предполагающий достаточное	ok	phrase		3	предполагать:V:3:78.09 достаточный:A:3:35.56			
hitopadesa-0	ananuṣṭhāna	ananuṣṭhānena	12	невыполнение	flag	soft_rare		2	невыполнение:S:2:2.48			
hitopadesa-0	anargha	anargha	4	priceless; invaluable	not_russian	not_russian						
hitopadesa-0	anartha	anarthāya	11	не-артха	flag	rare			не-артх:S:-:-			
hitopadesa-0	andha	andha	10	слепой	ok			3	слепой:A:3:39.63			
hitopadesa-0	aneka	aneka	10	многие	ok							
hitopadesa-0	antara	antare	42	между	ok							
hitopadesa-0	antima	antimaḥ	13	последней	flag	inflected	последний	4	последний:A:4:725.90			
hitopadesa-0	anudyoga	anudyogena	32	absence of exertion or effort; inactivity	not_russian	not_russian						
hitopadesa-0	anuttama	anuttamam	4	несравненный	flag	soft_rare		2	несравненный:A:2:4.40			
hitopadesa-0	anya	anyac	16	другой	ok			5	другой:A:5:2034.50			
hitopadesa-0	anyathā	anyathā	29	иначе	ok			4	иначе:ADV:4:117.98			
hitopadesa-0	apara	aparaṃ	18	другие	ok			5	другой:A:5:2034.50			
hitopadesa-0	apatya	apatyam	43	потомство	ok			3	потомство:S:3:13.59			
hitopadesa-0	apaṇḍita	apaṇḍitaḥ	22	невежда	flag	soft_rare		2	невежда:S:2:4.31			
hitopadesa-0	apekṣ	apekṣate	35	зависимость	ok			3	зависимость:S:3:55.22			
hitopadesa-0	api	api	10	также	ok							
hitopadesa-0	arh	arhati	32	должен	ok			3	должный:A:3:20.97			
hitopadesa-0	artha	arthasya	10	ради	ok							
hitopadesa-0	as	satām	1	есть	ok			4	есть:V:4:151.44			
hitopadesa-0	atandrita	atandritaḥ	31	неустанно	flag	soft_rare		2	неустанно:ADV:2:4.94			
hitopadesa-0	atas	ato	44	поэтому	ok			4	поэтому:ADV:4:289.91			
hitopadesa-0	atha	atha	10	и	ok							
hitopadesa-0	atiduṣkara	atiduṣkaram	19	труднее	ok			3	трудный:A:3:76.99			
hitopadesa-0	atra	'tra	33	здесь	ok			4	здесь:ADV:4:876.99			
hitopadesa-0	autkārṣya	autkārṣyam	30		empty							
hitopadesa-0	avaśyam	avaśyaṃ	28	непременно	ok			3	непременно:ADV:3:80.09			
hitopadesa-0	aśman	aśmā	44	камень	ok			4	камень:S:4:178.13			
hitopadesa-0	bahu	bahubhiḥ	21	много	flag	unknown			много:ADV:-:-			
hitopadesa-0	baka	bako	37	Бака	flag	unknown			бак:S:-:-			
hitopadesa-0	bhavat	bhavat	44	ты	ok							
hitopadesa-0	bhaya	bhaya	25	страх	flag	unknown			страх:S:-:-			
hitopadesa-0	bheda	bhedaḥ	9	различие	flag	unknown			различие:S:-:-			
hitopadesa-0	bho	bho	40	о	ok							
hitopadesa-0	bhoḥ	bhoḥ	40	о	ok							
hitopadesa-0	bhāgya	bhāgyam	5	счастье	flag	unknown			счастие:S:-:-			
hitopadesa-0	bhāgīrathī	bhāgīrathī	10	Бхагиратхи	flag	unknown			бхагиратх:S:-:-			
hitopadesa-0	bhājana	bhājane	8	сосуды	flag	unknown			сосуд:S:-:-			
hitopadesa-0	bhāryā	bhāryā	14	жена	flag	unknown			жена:S:-:-			
hitopadesa-0	bhāva	bhāvā	28	бытие	flag	unknown			бытие:S:-:-			
hitopadesa-0	bhāvin	bhāvino	28	будет	flag	inflected	быть	6	быть:V:6:12831.00			
hitopadesa-0	bhū	bhavati	16	будет	flag	inflected	быть	6	быть:V:6:12831.00			
hitopadesa-0	bhūpati	bhūpatir	10	царь	flag	unknown			царь:S:-:-			
hitopadesa-0	brū	abravīt	42	сказал	flag	inflected	сказать	5	сказать:V:5:2472.22			
hitopadesa-0	bāla	bālo	37	дети	flag	unknown			ребёнок:S:-:-			
hitopadesa-0	bṛhaspati	bṛhaspatir	42	Брихаспати	flag	unknown			брихаспать:S:-:-			
hitopadesa-0	ca	ca	13	и	ok							
hitopadesa-0	cakra	cakreṇa	30	колесо	flag	unknown			колесо:S:-:-			
hitopadesa-0	cakṣus	cakṣuṣā	12	глаз	flag	unknown			глаз:S:-:-			
hitopadesa-0	candramas	candramās	18	луна	flag	unknown			луна:S:-:-			
hitopadesa-0	catuṣṭaya	catuṣṭayam	11	четыре	ok							
hitopadesa-0	ced	cen	29	если	ok							
hitopadesa-0	chala	chalena	8	словесные ухищрения	flag	phrase,unknown			словесный:A:-:- ухищрение:S:-:-			
hitopadesa-0	cintay	cintayāmāsa	12	подумал	flag	inflected,unknown	подумать		подумать:V:-:-			
hitopadesa-0	cintā	cintā	29	мысль	flag	unknown			мысль:S:-:-			
hitopadesa-0	daiva	daivaṃ	30	a religious offering or rite; divine power or will; destiny; fate; chance; a deity; finge…	not_russian	not_russian						
hitopadesa-0	darśaka	darśakam	10	вызвавший появление	flag	phrase,unknown			вызвать:V:-:- появление:S:-:-			
hitopadesa-0	dehin	dehinaḥ	27	воплощенный	flag	unknown			воплотить:V:-:-			
hitopadesa-0	deva	devaiḥ	42	боги	flag	unknown			бог:S:-:-			
hitopadesa-0	dhana	dhana	11	богатство	flag	unknown			богатство:S:-:-			
hitopadesa-0	dhanus	dhanus	23	лук	flag	unknown			лук:S:-:-			
hitopadesa-0	dhanya	dhanyo	21	счастлив	flag	inflected,unknown	счастливый		счастливый:A:-:-			
hitopadesa-0	dharma	dharma	26	дхарма	flag	unknown			дхарма:S:-:-			
hitopadesa-0	dhā	dhatte	40	дай	flag	inflected,unknown	дать		дать:V:-:-			
hitopadesa-0	dhārmika	dhārmikaḥ	12	добродетельный	flag	unknown			добродетельный:A:-:-			
hitopadesa-0	dhūrjaṭi	dhūrjaṭeḥ	1	Дхурджати	flag	unknown			дхурджатить:V:-:-			
hitopadesa-0	doṣa	doṣaḥ	33	зло	flag	unknown			зло:S:-:-			
hitopadesa-0	draviṇa	draviṇa	14	богатство	flag	unknown			богатство:S:-:-			
hitopadesa-0	dravya	dravyeṣu	4	субстанция	flag	unknown			субстанция:S:-:-			
hitopadesa-0	durdharṣa	durdharṣaṃ	5	неодолимый	flag	unknown			неодолимый:A:-:-			
hitopadesa-0	duḥkha	duḥkha	13	горе	flag	unknown			гора:S:-:-			
hitopadesa-0	dvaya	dvayam	10	два	ok							
hitopadesa-0	dvi	dve	7	два	ok							
hitopadesa-0	dvitīya	dvitīyā	7	второй	flag	unknown			второй:A:-:-			
hitopadesa-0	dyuti	dyutīḥ	40	блеск	flag	unknown			блеск:S:-:-			
hitopadesa-0	dā	dadāti	2	дает	flag	inflected,unknown	давать		давать:V:-:-			
hitopadesa-0	dāna	dāne	17	дары	flag	unknown			дар:S:-:-			
hitopadesa-0	dīp	dīpyate	45	пылающий	flag	unknown			пылать:V:-:-			
hitopadesa-0	dṛś	dṛṣṭvā	35	увидев	flag	inflected	увидеть	4	увидеть:V:4:448.26			
hitopadesa-0	eka	eko	18	один	flag	unknown			один:A:-:-			
hitopadesa-0	ekadā	ekadā	10	однажды	flag	unknown			однажды:ADV:-:-			
hitopadesa-0	ekaika	ekaikam	11	one by one; single; every single one	not_russian	not_russian						
hitopadesa-0	etad	etāsu	24	это	ok							
hitopadesa-0	eva	eva	10	именно	ok							
hitopadesa-0	evam	evam	34	так	ok							
hitopadesa-0	evambhūta	evambhūto	40	таким образом	flag	phrase,unknown			такой:A:-:- образ:S:-:-			
hitopadesa-0	gam	gatāsv	24	отправился	flag	inflected,unknown	отправиться		отправиться:V:-:-			
hitopadesa-0	garbha	garbheṣu	14	зародыш	flag	unknown			зародыш:S:-:-			
hitopadesa-0	garbhasrāva	garbhasrāvo	14	выкидыше	flag	inflected,unknown	выкидыш		выкидыш:S:-:-			
hitopadesa-0	gati	gatir	30	путь	flag	unknown			путь:S:-:-			
hitopadesa-0	gaṇa	gaṇa	16	сонмы	flag	unknown			сонм:S:-:-			
hitopadesa-0	gaṇanā	gaṇanā	16	счете	flag	inflected,unknown	счёт		счёт:S:-:-			
hitopadesa-0	ghna	ghnaḥ	29	губит	flag	inflected,unknown	губить		губить:V:-:-			
hitopadesa-0	go	gaur	24	коров	flag	inflected,unknown	корова		корова:S:-:-			
hitopadesa-0	gotra	gotre	43	род	flag	unknown			род:S:-:-			
hitopadesa-0	grah	gṛhīta	3	взяв	flag	inflected	взять	4	взять:V:4:611.30			
hitopadesa-0	grantha	granthād	9	книги	flag	unknown			книга:S:-:-			
hitopadesa-0	grāhay	grāhayituṃ	42	обучил	flag	inflected,unknown	обучить		обучить:V:-:-			
hitopadesa-0	guru	guru	39	гуру	flag	unknown			гуру:S:-:-			
hitopadesa-0	guṇa	guṇa	10	гуны	flag	unknown			гун:S:-:-			
hitopadesa-0	guṇavat	guṇavān	23	добродетельный	flag	unknown			добродетельный:A:-:-			
hitopadesa-0	guṇin	guṇi	16	элементов	flag	inflected,unknown	элемент		элемент:S:-:-			
hitopadesa-0	gāmin	gāminām	12	не приносящій жертвы	flag	phrase,unknown			приносящий:A:-:- жертва:S:-:-			
hitopadesa-0	han	hanti	18	убит	flag	inflected_ambiguous,unknown			убить:V:-:-			
hitopadesa-0	hari	hareḥ	28	Хари	flag	unknown			харя:S:-:-			
hitopadesa-0	haṃsa	haṃsa	37	гуси	flag	unknown			гусь:S:-:-			
hitopadesa-0	hi	hi	27	ведь	ok							
hitopadesa-0	hitopadeśa	hitopadeśo	2	friendly advice; salutary instruction; name of a popular collection of fables intermixed…	not_russian	not_russian						
hitopadesa-0	hā	hā	24	оставив	flag	inflected,unknown	оставить		оставить:V:-:-			
hitopadesa-0	hāsya	hāsyāya	7	шутил шутки	flag	phrase,unknown			шутить:V:-:- шутка:S:-:-			
hitopadesa-0	i	eti	41	идет	flag	inflected,unknown	идти		идти:V:-:-			
hitopadesa-0	idam	'yaṃ	2	это	ok							
hitopadesa-0	idānīm	idānīm	25	теперь	flag	unknown			теперь:ADV:-:-			
hitopadesa-0	iha	iha	8	здесь	ok			4	здесь:ADV:4:876.99			
hitopadesa-0	iti	ity	12	так	ok							
hitopadesa-0	iva	iva	1	как	ok							
hitopadesa-0	iṣ	icchati	34	хочу	flag	inflected,unknown	хотеть		хотеть:V:-:-			
hitopadesa-0	jan	jātena	12	родился	flag	inflected,unknown	родиться		родиться:V:-:-			
hitopadesa-0	janman	janma	26	рождение	flag	unknown			рождение:S:-:-			
hitopadesa-0	jña	jñaḥ	42	знаю	flag	inflected	знать	5	знать:V:5:1740.03			
hitopadesa-0	jñāna	jñānaṃ	25	знание	flag	unknown			знание:S:-:-			
hitopadesa-0	jāhnavī	jāhnavī	1	Джахнави	flag	unknown			джахнавь:S:-:-			
hitopadesa-0	jāragarbha	jāragarbha	39	a child by a paramour; bastard	not_russian	not_russian						
hitopadesa-0	jīvaloka	jīvalokasya	20	мир живых	flag	phrase,unknown			мир:S:-:- живой:A:-:-			
hitopadesa-0	ka	kena	10	что	ok							
hitopadesa-0	kalā	kalā	1	часть	flag	unknown			часть:S:-:-			
hitopadesa-0	kara	karau	13	руки	flag	unknown			рука:S:-:-			
hitopadesa-0	karin	karī	20	слон	flag	unknown			слон:S:-:-			
hitopadesa-0	karman	karma	27	действия	flag	unknown			действие:S:-:-			
hitopadesa-0	kartṛ	kartā	34	деятель	flag	unknown			деятель:S:-:-			
hitopadesa-0	katham	katham	25	как	ok							
hitopadesa-0	kathay	kathyate	31	рассказал	flag	inflected,unknown	рассказать		рассказать:V:-:-			
hitopadesa-0	kathā	kathā	8	рассказ	flag	unknown			рассказ:S:-:-			
hitopadesa-0	kathāmukha	kathāmukham	10	introduction to a tale; name of the second Lambaka or book of the Kathāsaritsāgara	not_russian	not_russian						
hitopadesa-0	kaścit	keṣāṃcid	30	никто	ok							
hitopadesa-0	kaṭhinī	kaṭhinī	16	chalk	not_russian	not_russian						
hitopadesa-0	kevala	kevalam	12	только	flag	unknown			только:ADV:-:-			
hitopadesa-0	keśa	keśeṣu	3	волосы	flag	unknown			волос:S:-:-			
hitopadesa-0	kiṃśuka	kiṃśukāḥ	38	Киншука	flag	unknown			киншук:S:-:-			
hitopadesa-0	kriyā	kriyā	42	обряды	flag	unknown			обряд:S:-:-			
hitopadesa-0	kula	kula	21	род	flag	unknown			род:S:-:-			
hitopadesa-0	kutas	kutaḥ	43	откуда	flag	unknown			откуда:ADV:-:-			
hitopadesa-0	kuśūla	kuśūla	21		empty							
hitopadesa-0	kvāpi	kvāpy	19	где-либо	flag	unknown			где-либо:ADV:-:-			
hitopadesa-0	kāca	kācaḥ	40	стекло	flag	unknown			стекло:S:-:-			
hitopadesa-0	kākatālīya	kākatālīya	35	after the manner of the crow and the palm-fruit; unexpected	not_russian	not_russian						
hitopadesa-0	kāma	kāma	26	желание	flag	unknown			желание:S:-:-			
hitopadesa-0	kāpuruṣa	kāpuruṣā	33	трус	flag	unknown			трус:S:-:-			
hitopadesa-0	kāray	kāritavān	40	побуждая	flag	inflected,unknown	побуждать		побуждать:V:-:-			
hitopadesa-0	kārya	kārya	30	дело	flag	unknown			дело:S:-:-			
hitopadesa-0	kāñcana	kāñcana	40	золотой	flag	unknown			золотой:A:-:-			
hitopadesa-0	kāṇa	kāṇena	12	одноглазый	flag	unknown			одноглазый:A:-:-			
hitopadesa-0	kīdṛśa	kīdṛśī	16	какова	flag	unknown			каковой:A:-:-			
hitopadesa-0	kīṭa	kīṭo	44	насекомых	flag	inflected,unknown	насекомое		насекомое:S:-:-			
hitopadesa-0	kṛ	kṛtaṃ	19	сделал	flag	inflected	сделать	4	сделать:V:4:786.76			
hitopadesa-0	lag	lagnaḥ	8	будет ощутим	flag	phrase,unknown		6	быть:V:6:12831.00 ощутить:V:-:-			
hitopadesa-0	lakṣmī	lakṣmīr	33	Лакшми	flag	unknown			лакшми:S:-:-			
hitopadesa-0	lekhā	lekhā	1	линия	flag	unknown			линия:S:-:-			
hitopadesa-0	likh	likhyate	9	чертит	flag	inflected,unknown	чертить		чертить:V:-:-			
hitopadesa-0	locana	locanaṃ	10	глазами	flag	inflected,unknown	глаз		глаз:S:-:-			
hitopadesa-0	lābha	lābhe	17	прибыль	flag	unknown			прибыль:S:-:-			
hitopadesa-0	mad	mama	25	я	ok							
hitopadesa-0	madhya	madhye	24	среди	ok							
hitopadesa-0	mahat	mahatām	28	великий	flag	unknown			великий:A:-:-			
hitopadesa-0	maithuna	maithunāni	25	connection; copulation; marriage; sexual intercourse	not_russian	not_russian						
hitopadesa-0	manas	manāḥ	12	ум	flag	unknown			ум:S:-:-			
hitopadesa-0	manoratha	manorathaiḥ	36	желание	flag	unknown			желание:S:-:-			
hitopadesa-0	mati	matis	41	мысль	flag	unknown			мысль:S:-:-			
hitopadesa-0	maṇi	maṇeḥ	43	амулет	flag	unknown			амулет:S:-:-			
hitopadesa-0	mitra	mitra	9	Митра	flag	unknown			митра:S:-:-			
hitopadesa-0	mokṣa	mokṣāṇām	26	освобождение	flag	unknown			освобождение:S:-:-			
hitopadesa-0	mukha	mukhe	36	лицо	flag	unknown			лицо:S:-:-			
hitopadesa-0	māna	māna	47	гордость	flag	unknown			гордость:S:-:-			
hitopadesa-0	mānava	mānavaḥ	34	человек	flag	unknown			человек:S:-:-			
hitopadesa-0	mārakata	mārakatīr	40	belonging to an emerald; having any of the properties or qualities of an emerald; coloure…	not_russian	not_russian						
hitopadesa-0	māsa	māsa	44	месяц	flag	unknown			месяц:S:-:-			
hitopadesa-0	mātṛ	mātur	17	мать	ok			4	мать:S:4:413.00			
hitopadesa-0	mūrdhan	mūrdhani	1	голову	flag	inflected,unknown	голова		голова:S:-:-			
hitopadesa-0	mūrkha	mūrkhānām	13	глупец	flag	unknown			глупец:S:-:-			
hitopadesa-0	mṛ	mṛta	13	умирает	flag	inflected,unknown	умирать		умирать:V:-:-			
hitopadesa-0	mṛd	mṛd	34	глины	flag	unknown			глина:S:-:-			
hitopadesa-0	mṛga	mṛgāḥ	36	зверей	flag	inflected_ambiguous,unknown			зверь:S:-:-			
hitopadesa-0	mṛtyu	mṛtyunā	3	смерть	flag	unknown			смерть:S:-:-			
hitopadesa-0	na	na	10	не	ok							
hitopadesa-0	nadī	nadyaḥ	46	реки	flag	unknown			река:S:-:-			
hitopadesa-0	nagara	nagaram	10	город	flag	unknown			город:S:-:-			
hitopadesa-0	nagna	nagna	28	нагим	flag	inflected,unknown	нагой		нагой:A:-:-			
hitopadesa-0	nahi	nahi	36	не	ok							
hitopadesa-0	nara	naraḥ	23	человек	flag	unknown			человек:S:-:-			
hitopadesa-0	narapati	narapatir	10	царь	flag	unknown			царь:S:-:-			
hitopadesa-0	nava	nave	8	новые	flag	unknown			новый:A:-:-			
hitopadesa-0	nidhana	nidhanam	27	смерть	flag	unknown			смерть:S:-:-			
hitopadesa-0	nidhi	nidhim	35	сокровище	flag	unknown			сокровище:S:-:-			
hitopadesa-0	nidhā	nihitā	42	сложенные	flag	inflected_ambiguous,unknown			сложить:V:-:-			
hitopadesa-0	nidrā	nidrā	25	сон	flag	unknown			сон:S:-:-			
hitopadesa-0	nihan	nihatya	33	убит	flag	inflected_ambiguous,unknown			убить:V:-:-			
hitopadesa-0	nirarthaka	nirarthakam	26	тщетными	flag	inflected,unknown	тщетный		тщетный:A:-:-			
hitopadesa-0	nirgandha	nirgandhā	38	void of smell; inodorous	not_russian	not_russian						
hitopadesa-0	nirguṇa	nirguṇaḥ	23	лишенный свойств	flag	phrase,unknown			лишённый:A:-:- свойство:S:-:-			
hitopadesa-0	nityam	nityam	12	всегда	flag	unknown			всегда:ADV:-:-			
hitopadesa-0	nāma	nāma	10	имя	flag	unknown			имя:S:-:-			
hitopadesa-0	nāmadheya	nāmadheyam	10	имя	flag	unknown			имя:S:-:-			
hitopadesa-0	nāman	nāmā	42	имя	flag	unknown			имя:S:-:-			
hitopadesa-0	nīcagā	nīcagā	5	a river	not_russian	not_russian						
hitopadesa-0	nīlakaṇṭha	nīlakaṇṭhasya	28	Синегорлый	flag	unknown			синегорлый:A:-:-			
hitopadesa-0	nīti	nīti	2	политика	flag	unknown			политика:S:-:-			
hitopadesa-0	nṛpa	nṛpaṃ	5	царь	flag	unknown			царь:S:-:-			
hitopadesa-0	pada	pade	13	след	flag	unknown			след:S:-:-			
hitopadesa-0	padya	padya	43	Находясь у ног	flag	phrase,unknown			находиться:V:-:- нога:S:-:-			
hitopadesa-0	para	param	5	высшее	flag	unknown			высокий:A:-:-			
hitopadesa-0	parivartin	parivartini	15	неусыпной	flag	inflected,unknown	неусыпный		неусыпный:A:-:-			
hitopadesa-0	parokṣa	parokṣa	10	втайне	flag	unknown			втайне:ADV:-:-			
hitopadesa-0	pat	patati	16	упал	flag	inflected,unknown	упасть		упасть:V:-:-			
hitopadesa-0	pauruṣa	pauruṣam	33	manhood; virility (opp. to strītva); manliness; manly strength or courage or deed; valour…	not_russian	not_russian						
hitopadesa-0	pañcan	pañca	27	пять	ok							
hitopadesa-0	pañcatantra	pañcatantrāt	9	name of the well-known collection of moral stories and fables in 5 books; name of a poem…	not_russian	not_russian						
hitopadesa-0	paśu	paśubhir	25	скот	flag	unknown			скот:S:-:-			
hitopadesa-0	paṅka	paṅke	24	грязь	flag	unknown			грязь:S:-:-			
hitopadesa-0	paṇḍita	paṇḍita	40	мудрые	flag	unknown			мудрый:A:-:-			
hitopadesa-0	phalavat	phalavatī	42	плодами	flag	inflected,unknown	плод		плод:S:-:-			
hitopadesa-0	phena	phena	1	пену	flag	inflected,unknown	пена		пена:S:-:-			
hitopadesa-0	pitṛ	pitā	21	отец	flag	unknown			отец:S:-:-			
hitopadesa-0	piṇḍa	piṇḍāt	34	пинда	flag	inflected,unknown	пинд		пинд:S:-:-			
hitopadesa-0	prabhu	prabhu	11	владыка	flag	unknown			владыка:S:-:-			
hitopadesa-0	pramāṇa	pramāṇam	47	источник знания	flag	phrase,unknown			источник:S:-:- знание:S:-:-			
hitopadesa-0	prasāda	prasādāt	1	милость	flag	unknown			милость:S:-:-			
hitopadesa-0	prasū	prasūto	23	размножайтесь	flag	inflected,unknown	размножаться		размножаться:V:-:-			
hitopadesa-0	prath	prathitaṃ	17	прославленный	flag	unknown			прославить:V:-:-			
hitopadesa-0	pratipad	pratipadyate	34	достигает	flag	inflected	достигать	3	достигать:V:3:47.90			
hitopadesa-0	pratipatti	pratipattaye	7	постижение	flag	unknown			постижение:S:-:-			
hitopadesa-0	pravah	pravahanti	46	тяжеловозы	flag	unknown			тяжеловоз:S:-:-			
hitopadesa-0	praviś	praviśanti	36	вошел	flag	inflected,unknown	войти		войти:V:-:-			
hitopadesa-0	pravīṇatā	pravīṇatām	40	skill; proficiency	not_russian	not_russian						
hitopadesa-0	pre	preto	14	после смерти	flag	phrase,unknown			смерть:S:-:-			
hitopadesa-0	priya	priyā	20	приятное	flag	unknown			приятный:A:-:-			
hitopadesa-0	prājña	prājño	3	мудрый	flag	unknown			мудрый:A:-:-			
hitopadesa-0	prāp	prāptaṃ	35	достигнув	flag	inflected,unknown	достигнуть		достигнуть:V:-:-			
hitopadesa-0	punar	punar	40	снова	flag	unknown			снова:ADV:-:-			
hitopadesa-0	puraḥsara	puraḥsaram	47	предшествуемая	flag	unknown			предшествовать:V:-:-			
hitopadesa-0	puruṣa	puruṣa	33	человек	flag	unknown			человек:S:-:-			
hitopadesa-0	puruṣakāra	puruṣakāra	30	человеческими усилиями	flag	phrase,unknown			человеческий:A:-:- усилие:S:-:-			
hitopadesa-0	pustaka	pustakeṣu	39	книга	flag	unknown			книга:S:-:-			
hitopadesa-0	putra	putrāṇām	12	сын	flag	unknown			сын:S:-:-			
hitopadesa-0	putraka	putraka	24	сынок	flag	unknown			сынок:S:-:-			
hitopadesa-0	puṇya	puṇya	19	святая	flag	unknown			святой:A:-:-			
hitopadesa-0	pā	pīyate	29	Защищайте	flag	inflected,unknown	защищать		защищать:V:-:-			
hitopadesa-0	pātra	pātra	6	сосуд	flag	unknown			сосуд:S:-:-			
hitopadesa-0	pāṭaliputra	pāṭaliputra	10	name of a town	not_russian	not_russian						
hitopadesa-0	pāṭava	pāṭavaṃ	2	Ваджроли	flag	unknown			ваджроль:S:-:-			
hitopadesa-0	pāṭhay	pāṭhyamānaṃ	10	чтения	flag	unknown			чтение:S:-:-			
hitopadesa-0	pīḍā	pīḍā	12	самоистязанием	flag	inflected,unknown	самоистязание		самоистязание:S:-:-			
hitopadesa-0	pūjay	pūjyate	23	почтил	flag	inflected,unknown	почтить		почтить:V:-:-			
hitopadesa-0	pūrva	pūrva	31	прежде	ok							
hitopadesa-0	ratha	rathasya	30	колесницу	flag	inflected,unknown	колесница		колесница:S:-:-			
hitopadesa-0	rogin	rogi	20	больной	flag	unknown			больной:A:-:-			
hitopadesa-0	rāga	rāgāṇām	43	влечение	flag	unknown			влечение:S:-:-			
hitopadesa-0	rājan	rājā	12	царь	flag	unknown			царь:S:-:-			
hitopadesa-0	rātri	rātriṣu	24	ночь	flag	unknown			ночь:S:-:-			
hitopadesa-0	rūpa	rūpa	14	образ	flag	unknown			образ:S:-:-			
hitopadesa-0	rūpavat	rūpavatī	22	прекрасен	flag	inflected,unknown	прекрасный		прекрасный:A:-:-			
hitopadesa-0	sa	sa	16	он	ok							
hitopadesa-0	sabhā	sabhā	37	собрание	flag	unknown			собрание:S:-:-			
hitopadesa-0	sad	sīdasi	24	усаживается	flag	inflected,unknown	усаживаться		усаживаться:V:-:-			
hitopadesa-0	sadā	sadā	7	всегда	flag	unknown			всегда:ADV:-:-			
hitopadesa-0	saha	saha	41	с	ok							
hitopadesa-0	sakala	sakala	42	все	ok							
hitopadesa-0	sakṛt	sakṛd	13	однажды	flag	unknown			однажды:ADV:-:-			
hitopadesa-0	sama	samaiś	41	равный	flag	unknown			равный:A:-:-			
hitopadesa-0	samarpay	samarpitavān	47	поразил	flag	inflected,unknown	поразить		поразить:V:-:-			
hitopadesa-0	samartha	samarthaḥ	40	способен	flag	inflected,unknown	способный		способный:A:-:-			
hitopadesa-0	samatā	samatām	41	равенство	flag	unknown			равенство:S:-:-			
hitopadesa-0	sambhava	sambhavāḥ	38	рождение	flag	unknown			рождение:S:-:-			
hitopadesa-0	sambhrama	sambhramāt	16	рвение	flag	unknown			рвение:S:-:-			
hitopadesa-0	sambhū	sambhūtāḥ	42	возник	flag	inflected,unknown	возникнуть		возникнуть:V:-:-			
hitopadesa-0	sampad	sampannāḥ	38	стал	flag	inflected,unknown	стать		стать:V:-:-			
hitopadesa-0	sampatti	sampattiḥ	11	процветание	flag	unknown			процветание:S:-:-			
hitopadesa-0	samudra	samudram	46	океан	flag	unknown			океан:S:-:-			
hitopadesa-0	samunnati	samunnatim	15	rising; swelling; exaltation; eminence; high position; elevation; increase; growth	not_russian	not_russian						
hitopadesa-0	samāgama	samāgamāt	41	встреча	flag	unknown			встреча:S:-:-			
hitopadesa-0	samāna	samānāḥ	25	самана	flag	inflected,unknown	саман		саман:S:-:-			
hitopadesa-0	samṛdh	samṛddho	19	процветающим	flag	inflected,unknown	процветающий		процветать:V:-:-			
hitopadesa-0	sarit	sarit	5	реки	flag	unknown			река:S:-:-			
hitopadesa-0	sarva	sarva	10	все	ok							
hitopadesa-0	sarvadā	sarvadā	4	всегда	flag	unknown			всегда:ADV:-:-			
hitopadesa-0	sarvatra	sarvatra	2	везде	flag	unknown			везде:ADV:-:-			
hitopadesa-0	saṃcintay	saṃcintya	32	подумав	flag	inflected,unknown	подумать		подумать:V:-:-			
hitopadesa-0	saṃdhi	saṃdhir	9	мир	flag	unknown			мир:S:-:-			
hitopadesa-0	saṃnidhi	saṃnidhau	39	присутствии	flag	inflected,unknown	присутствие		присутствие:S:-:-			
hitopadesa-0	saṃnidhāna	saṃnidhānena	40	совокупленье	flag	unknown			совокупление:S:-:-			
hitopadesa-0	saṃnikarṣa	saṃnikarṣeṇa	45	контакт	flag	unknown			контакт:S:-:-			
hitopadesa-0	saṃsarga	saṃsargāt	40	смешения	flag	unknown			смешение:S:-:-			
hitopadesa-0	saṃskāra	saṃskāro	8	санскары	flag	unknown			санскара:S:-:-			
hitopadesa-0	saṃskṛta	saṃskṛta	2	освященное	flag	unknown			освятить:V:-:-			
hitopadesa-0	saṃsāra	saṃsāre	15	сансары	flag	unknown			сансар:S:-:-			
hitopadesa-0	saṃyojay	saṃyojayati	5	запряг	flag	inflected,unknown	запрячь		запрячь:V:-:-			
hitopadesa-0	saṃśaya	saṃśaya	10	сомнения	flag	unknown			сомнение:S:-:-			
hitopadesa-0	saṅga	saṅgāt	44	привязанность	flag	unknown			привязанность:S:-:-			
hitopadesa-0	siddhi	siddhiḥ	1	совершенства	flag	unknown			совершенство:S:-:-			
hitopadesa-0	sidh	sidhyati	30	устанавливается	flag	inflected,unknown	устанавливаться		устанавливаться:V:-:-			
hitopadesa-0	siṃha	siṃham	33	лев	flag	unknown			лев:S:-:-			
hitopadesa-0	stha	sthasya	27	стоит	flag	inflected_ambiguous,unknown			стоить:V:-:-			
hitopadesa-0	strī	striyāḥ	39	женщины	flag	unknown			женщина:S:-:-			
hitopadesa-0	sudarśana	sudarśano	10	Сударшана	flag	unknown			сударшан:S:-:-			
hitopadesa-0	sudhī	sudhīḥ	19	мудрый	flag	unknown			мудрый:A:-:-			
hitopadesa-0	suhṛd	suhṛd	9	друзей	flag	inflected,unknown	друг		друг:S:-:-			
hitopadesa-0	sukha	sukhāni	20	счастье	flag	unknown			счастие:S:-:-			
hitopadesa-0	sumanas	sumanas	44	цветами	flag	inflected_ambiguous,unknown			цвет:S:-:-			
hitopadesa-0	supratiṣṭhita	supratiṣṭhitaḥ	44	изящно стоит	flag	phrase,unknown			изящно:ADV:-:- стоить:V:-:-			
hitopadesa-0	sutin	sutinī	16	having sons	not_russian	not_russian						
hitopadesa-0	svap	suptasya	36	спит	flag	inflected_ambiguous,unknown			спать:V:-:-			
hitopadesa-0	svayam	svayaṃ	35	сам	flag	unknown			сам:A:-:-			
hitopadesa-0	svāmin	svāmi	10	хозяин	flag	unknown			хозяин:S:-:-			
hitopadesa-0	sādhya	sādhye	1	садхьи	flag	unknown			садхие:S:-:-			
hitopadesa-0	sāmānya	sāmānyam	25	общее	flag	unknown			общий:A:-:-			
hitopadesa-0	sṛj	sṛjyante	27	сотворил	flag	inflected,unknown	сотворить		сотворить:V:-:-			
hitopadesa-0	tad	tasya	1	он	ok							
hitopadesa-0	taila	tailāni	32	sesamum oil; oil; olibanum	not_russian	not_russian						
hitopadesa-0	tamas	tamo	18	мрак	flag	unknown			мрак:S:-:-			
hitopadesa-0	tanaya	tanayaḥ	14	сын	flag	unknown			сын:S:-:-			
hitopadesa-0	tapas	tapasi	17	подвижничество	flag	unknown			подвижничество:S:-:-			
hitopadesa-0	tatas	tataḥ	6	тогда	flag	unknown			тогда:ADV:-:-			
hitopadesa-0	tathā	tathā	20	так	ok							
hitopadesa-0	tatra	tatra	10	там	flag	unknown			там:ADV:-:-			
hitopadesa-0	tattva	tattva	42	правду	flag	inflected,unknown	правда		правда:S:-:-			
hitopadesa-0	tila	tilebhyo	32	сезам	flag	unknown			сезам:S:-:-			
hitopadesa-0	toya	toyāḥ	46	воду	flag	inflected_ambiguous,unknown			вода:S:-:-			
hitopadesa-0	tu	tu	13	же	ok							
hitopadesa-0	tva	tvam	11	ты	ok							
hitopadesa-0	tvad	tvaṃ	24	тебя	ok							
hitopadesa-0	tyaj	tyajed	32	оставив	flag	inflected,unknown	оставить		оставить:V:-:-			
hitopadesa-0	tā	tā	11	эти	flag	unknown			этот:A:-:-			
hitopadesa-0	tārā	tārā	18	звезды	flag	unknown			звезда:S:-:-			
hitopadesa-0	tāta	tāta	41	сын мой	flag	phrase,unknown			сын:S:-:- мой:A:-:-			
hitopadesa-0	tīra	tīre	10	берегу	flag	inflected_ambiguous,unknown			берег:S:-:-			
hitopadesa-0	tīrtha	tīrthe	19	тиртхе	flag	unknown			тиртх:S:-:-			
hitopadesa-0	u	u	11	и	ok							
hitopadesa-0	ucchedin	ucchedi	10	destroying; resolving (doubts or difficulties)	not_russian	not_russian						
hitopadesa-0	uccāra	uccāra	17	испражняться	flag	unknown			испражняться:V:-:-			
hitopadesa-0	udayagiri	udayagireḥ	45	the eastern mountain	not_russian	not_russian						
hitopadesa-0	udvij	udvigna	12	страшится	flag	inflected,unknown	страшиться		страшиться:V:-:-			
hitopadesa-0	udyama	udyamena	36	труд	flag	unknown			труд:S:-:-			
hitopadesa-0	udyoga	udyogam	32	в Книге о старании	flag	phrase,unknown			книга:S:-:- старание:S:-:-			
hitopadesa-0	udyogin	udyoginaṃ	33	one who makes effort; active; laborious; persevering; energetic	not_russian	not_russian						
hitopadesa-0	ukti	uktiṣu	2	говорится	flag	inflected,unknown	говориться		говориться:V:-:-			
hitopadesa-0	unmārga	unmārga	12	deviation from the right way; wrong way (lit. and fig.)	not_russian	not_russian						
hitopadesa-0	upadeśa	upadeśena	40	наставление	flag	unknown			наставление:S:-:-			
hitopadesa-0	upajan	upajāyate	43	возникает	flag	inflected,unknown	возникать		возникать:V:-:-			
hitopadesa-0	upe	upaiti	33	придя	flag	inflected	прийти	4	прийти:V:4:591.06			
hitopadesa-0	upeta	upetaḥ	10	отстранен от зла, связан с благими качествами	flag	phrase,unknown			отстранить:V:-:- зло:S:-:- связать:V:-:- благой:A:-:- качество:S:-:-			
hitopadesa-0	vac	uktam	20	сказал	flag	inflected	сказать	5	сказать:V:5:2472.22			
hitopadesa-0	vacana	vacanam	30	слова	flag	unknown			слово:S:-:-			
hitopadesa-0	vad	vada	16	говорят	flag	unknown			говорить:V:-:-			
hitopadesa-0	vaicitrya	vaicitryaṃ	2	variety; manifoldness; diversity; sorrow; despair	not_russian	not_russian						
hitopadesa-0	vairin	vairī	37	an enemy; a hero	not_russian	not_russian						
hitopadesa-0	vandhyā	vandhyā	14	бесплодная	flag	unknown			бесплодный:A:-:-			
hitopadesa-0	vara	varam	13	лучший	flag	unknown			хороший:A:-:-			
hitopadesa-0	varṇa	varṇaḥ	45	варн	flag	unknown			варн:S:-:-			
hitopadesa-0	vasati	vasatir	14	ночи	flag	unknown			ночь:S:-:-			
hitopadesa-0	vat	vat	3	сказал	flag	inflected	сказать	5	сказать:V:5:2472.22			
hitopadesa-0	vaśya	vaśyaḥ	19	послушным	flag	inflected,unknown	послушный		послушный:A:-:-			
hitopadesa-0	vaṃśa	vaṃśaḥ	15	род	flag	unknown			род:S:-:-			
hitopadesa-0	vid	vidvān	14	знает	flag	inflected	знать	5	знать:V:5:1740.03			
hitopadesa-0	vidvas	vidvān	12	мудрый	flag	unknown			мудрый:A:-:-			
hitopadesa-0	vidyā	vidyāyām	17	знание	flag	unknown			знание:S:-:-			
hitopadesa-0	vigraha	vigrahaḥ	9	война	flag	unknown			война:S:-:-			
hitopadesa-0	vinaya	vinayam	44	смиренно	flag	unknown			смиренно:ADV:-:-			
hitopadesa-0	vinā	vinā	30	без	ok							
hitopadesa-0	vitta	vittaṃ	27	богатство	flag	unknown			богатство:S:-:-			
hitopadesa-0	vivekin	viveki	11	отличен	flag	inflected_ambiguous,unknown			отличный:A:-:-			
hitopadesa-0	viśeṣa	viśeṣo	25	различие	flag	unknown			различие:S:-:-			
hitopadesa-0	viśiṣ	viśiṣṭaiś	41	превосходит	flag	inflected,unknown	превосходить		превосходить:V:-:-			
hitopadesa-0	viśiṣṭatā	viśiṣṭatām	41		empty							
hitopadesa-0	viśru	viśrūyate	21	прославленный	flag	unknown			прославить:V:-:-			
hitopadesa-0	viśudh	viśuddhaḥ	23	очищается	flag	inflected,unknown	очищаться		очищаться:V:-:-			
hitopadesa-0	viśāla	viśāla	38	обширным	flag	inflected,unknown	обширный		обширный:A:-:-			
hitopadesa-0	viṣa	viṣa	29	яд	flag	unknown			яд:S:-:-			
hitopadesa-0	viṣṇuśarman	viṣṇuśarma	42	name of various authors and other persons	not_russian	not_russian						
hitopadesa-0	vyabhicārin	vyabhicāriṇī	22	изменяя	flag	inflected,unknown	изменять		изменять:V:-:-			
hitopadesa-0	vyāpāra	vyāpāra	42	деятельность	flag	unknown			деятельность:S:-:-			
hitopadesa-0	vā	vā	12	или	ok							
hitopadesa-0	vāc	vācāṃ	2	речь	flag	unknown			речь:S:-:-			
hitopadesa-0	vādin	vādinī	20	говорящие	flag	inflected_ambiguous,unknown			говорящий:A:-:-			
hitopadesa-0	vṛddha	vṛddha	7	старый	flag	unknown			старый:A:-:-			
hitopadesa-0	yad	yad	1	что	ok							
hitopadesa-0	yadi	yadi	16	если	ok							
hitopadesa-0	yatas	yataḥ	25	откуда	flag	unknown			откуда:ADV:-:-			
hitopadesa-0	yathā	yathā	30	как	ok							
hitopadesa-0	yatna	yatnaṃ	31	усилия	flag	unknown			усилие:S:-:-			
hitopadesa-0	yatra	yatra	11	где	flag	unknown			где:ADV:-:-			
hitopadesa-0	yauvana	yauvanaṃ	11	youth; youthfulness; adolescence; puberty; manhood; a number of young people (esp. of you…	not_russian	not_russian						
hitopadesa-0	yuj	yuktaḥ	14	союзником	flag	inflected,unknown	союзник		союзник:S:-:-			
hitopadesa-0	yā	yāti	15	идут	flag	inflected,unknown	идти		идти:V:-:-			
hitopadesa-0	ācar	ācaret	3	делает	flag	inflected,unknown	делать		делать:V:-:-			
hitopadesa-0	ādya	ādyau	13	изначальный	flag	unknown			изначальный:A:-:-			
hitopadesa-0	ādā	ādatte	35	взяв	flag	inflected	взять	4	взять:V:4:611.30			
hitopadesa-0	ādṛ	ādriyate	7	проломитель	flag	unknown			проломитель:S:-:-			
hitopadesa-0	āgama	āgamaḥ	20	пришел	flag	inflected	прийти	4	прийти:V:4:591.06			
hitopadesa-0	āhāra	āhāra	25	пища	flag	unknown			пища:S:-:-			
hitopadesa-0	ākara	ākare	43	источник	flag	unknown			источник:S:-:-			
hitopadesa-0	ākarṇay	ākarṇya	12	Услышав	flag	inflected,unknown	услышать		услышать:V:-:-			
hitopadesa-0	ākṛṣ	ākṛṣya	9	втягивается	flag	inflected,unknown	втягиваться		втягиваться:V:-:-			
hitopadesa-0	ālambin	ālambī	21	hanging from; resting or leaning upon; depending on or from; laying hold of; supporting;…	not_russian	not_russian						
hitopadesa-0	ālasya	ālasya	30	лень	flag	unknown			лень:S:-:-			
hitopadesa-0	āp	āptum	32	достигает	flag	inflected	достигать	3	достигать:V:3:47.90			
hitopadesa-0	āpūraṇa	āpūraṇa	21	Апурана	flag	unknown			апурана:S:-:-			
hitopadesa-0	ārambha	ārambhe	16	начало	flag	unknown			начало:S:-:-			
hitopadesa-0	āruh	ārohati	44	взошел	flag	inflected,unknown	взойти		взойти:V:-:-			
hitopadesa-0	āsvādya	āsvādya	46	Вкусив	flag	inflected,unknown	вкусить		вкусить:V:-:-			
hitopadesa-0	āsāday	āsādya	46	достигнув	flag	inflected,unknown	достигнуть		достигнуть:V:-:-			
hitopadesa-0	ātman	ātmanaḥ	12	себя	ok							
hitopadesa-0	āyus	āyuḥ	27	срок жизни	flag	phrase,unknown			срок:S:-:- жизнь:S:-:-			
hitopadesa-0	āḍhaka	āḍhakaiḥ	21	адхака	flag	unknown			адхак:S:-:-			
hitopadesa-0	śak	śakyante	42	способен	flag	inflected,unknown	способный		способный:A:-:-			
hitopadesa-0	śakti	śaktyā	33	дротик	flag	unknown			дротик:S:-:-			
hitopadesa-0	śastra	śastraṃ	7	оружие	flag	unknown			оружие:S:-:-			
hitopadesa-0	śata	śataiḥ	18	сто	ok							
hitopadesa-0	śatru	śatrur	22	врагов	flag	inflected,unknown	враг		враг:S:-:-			
hitopadesa-0	śaurya	śaurye	17	heroism; valour; prowess; might; the heroic branch of dramatic art; name of a village	not_russian	not_russian						
hitopadesa-0	śayana	śayanam	28	ложе	flag	unknown			ложа:S:-:-			
hitopadesa-0	śaśin	śaśinaḥ	1	луна	flag	unknown			луна:S:-:-			
hitopadesa-0	śiras	śiraḥ	44	голову	flag	inflected,unknown	голова		голова:S:-:-			
hitopadesa-0	śloka	śloka	10	стих	flag	unknown			стих:S:-:-			
hitopadesa-0	śru	śuśrāva	10	услышав	flag	inflected,unknown	услышать		услышать:V:-:-			
hitopadesa-0	śubh	śobhate	37	блистал	flag	inflected,unknown	блистать		блистать:V:-:-			
hitopadesa-0	śuka	śuka	42	попугай	flag	unknown			попугай:S:-:-			
hitopadesa-0	śāstra	śāstraṃ	10	шастры	flag	unknown			шастра:S:-:-			
hitopadesa-0	ṛṇakartṛ	ṛṇakartā	22	one who contracts a debt; indebted	not_russian	not_russian						
hitopadesa-0	ṣaṣ	ṣaḍ	20	шесть	ok							
subhashita-beginner	A	ā			empty							
subhashita-beginner	Agam	āgamiṣyanti			empty							
subhashita-beginner	Ahf	āhāre			empty							
subhashita-beginner	Ap	āpatsu			empty							
subhashita-beginner	BAz	bhāṣaṇe			empty							
subhashita-beginner	BU	bhavet			empty							
subhashita-beginner	BUmipati	bhūmipatau			empty							
subhashita-beginner	BUpati	bhūpatau			empty							
subhashita-beginner	Baj	bhajate			empty							
subhashita-beginner	Bartf	bhartrā			empty							
subhashita-beginner	Bezaja	bheṣaje			empty							
subhashita-beginner	Bf	bhāryā			empty							
subhashita-beginner	Bid	bhidyate			empty							
subhashita-beginner	Bikz	bhikṣā			empty							
subhashita-beginner	Bikzuka	bhikṣukaḥ			empty							
subhashita-beginner	Buj	bhojana			empty							
subhashita-beginner	DA	dhīyate			empty							
subhashita-beginner	DArmika	dhārmikaḥ			empty							
subhashita-beginner	DIra	dhīra			empty							
subhashita-beginner	Dana	dhaneṣu			empty							
subhashita-beginner	Darma	dharmeṇa			empty							
subhashita-beginner	Df	khaṅga			empty							
subhashita-beginner	I	yaḥ			empty							
subhashita-beginner	Kalu	khalu			empty							
subhashita-beginner	Kid	khidyante			empty							
subhashita-beginner	Pal	phalāya			empty							
subhashita-beginner	SAstra	śāstreṣu			empty							
subhashita-beginner	SF	śaraṇam			empty							
subhashita-beginner	SI	śayyā			empty							
subhashita-beginner	Sak	śakyāḥ			empty							
subhashita-beginner	Sap	śapate			empty							
subhashita-beginner	SarIra	śarīreṇa			empty							
subhashita-beginner	Sarad	śaradi			empty							
subhashita-beginner	Sastra	śastrāṇi			empty							
subhashita-beginner	Sata	śateṣu			empty							
subhashita-beginner	Siva	śivāḥ			empty							
subhashita-beginner	SradDA	śraddhayā			empty							
subhashita-beginner	Sri	śrīḥ			empty							
subhashita-beginner	Sru	śrotā			empty							
subhashita-beginner	SuB	śobhate			empty							
subhashita-beginner	SuD	śuddhiḥ			empty							
subhashita-beginner	Suc	śocati			empty							
subhashita-beginner	Suci	śucim			empty							
subhashita-beginner	aBaya	abhayam			empty							
subhashita-beginner	aBirakz	abhirakṣitaḥ			empty							
subhashita-beginner	aByas	abhyāsena			empty							
subhashita-beginner	aDika	adhike			empty							
subhashita-beginner	aDyavaso	adhyavasyati			empty							
subhashita-beginner	aTa	atha			empty							
subhashita-beginner	adya	adya			empty							
subhashita-beginner	aha	aham			empty							
subhashita-beginner	aho	aho			empty							
subhashita-beginner	akftajYa	akṛtajñe			empty							
subhashita-beginner	alpa	alpa			empty							
subhashita-beginner	anaGa	anagha			empty							
subhashita-beginner	anarTa	ātmanā			empty							
subhashita-beginner	anitya	anityam			empty							
subhashita-beginner	anyaTA	anyathā			empty							
subhashita-beginner	anyatra	anyatra			empty							
subhashita-beginner	apUrva	apūrvas			empty							
subhashita-beginner	apakf	apakāriṣu			empty							
subhashita-beginner	apamA	apamāne			empty							
subhashita-beginner	api	api			empty							
subhashita-beginner	apriya	apriyasya			empty							
subhashita-beginner	arTapati	arthapatau			empty							
subhashita-beginner	arTi	arthas			empty							
subhashita-beginner	as	asti			empty							
subhashita-beginner	atfpta	atṛptā			empty							
subhashita-beginner	atiTi	atithiḥ			empty							
subhashita-beginner	atiric	atyaricyata			empty							
subhashita-beginner	atra	atra			empty							
subhashita-beginner	av	vam			empty							
subhashita-beginner	avicArya	avicārya			empty							
subhashita-beginner	bAlA	bāle			empty							
subhashita-beginner	bAnDava	bāndhavān			empty							
subhashita-beginner	bIja	bīja			empty							
subhashita-beginner	baDiratama	badhiratamāḥ			empty							
subhashita-beginner	balavat	balavatī			empty							
subhashita-beginner	bata	bata			empty							
subhashita-beginner	bfhaspati	bṛhaspatiḥ			empty							
subhashita-beginner	boDi	bodhayanti			empty							
subhashita-beginner	brahman	brahma			empty							
subhashita-beginner	cAra	cārais			empty							
subhashita-beginner	ca	ca			empty							
subhashita-beginner	candana	candanena			empty							
subhashita-beginner	car	caritāni			empty							
subhashita-beginner	catur	catvāraḥ			empty							
subhashita-beginner	ciram	ciram			empty							
subhashita-beginner	cit	cittena			empty							
subhashita-beginner	cumb	cumbyate			empty							
subhashita-beginner	dA	dāne			empty							
subhashita-beginner	dEva	daiva			empty							
subhashita-beginner	dEvajYa	daivajñe			empty							
subhashita-beginner	dUra	dūre			empty							
subhashita-beginner	dah	dagdhā			empty							
subhashita-beginner	deva	deve			empty							
subhashita-beginner	dfS	dṛśyante			empty							
subhashita-beginner	diS	deśe			empty							
subhashita-beginner	dih	diha			empty							
subhashita-beginner	dina	dine			empty							
subhashita-beginner	divA	divā			empty							
subhashita-beginner	divAnaktam	divānaktam			empty							
subhashita-beginner	divya	divyā			empty							
subhashita-beginner	dozA	doṣā			empty							
subhashita-beginner	doza	doṣeṇa			empty							
subhashita-beginner	dru	dravati			empty							
subhashita-beginner	duh	dogdhrī			empty							
subhashita-beginner	duhitf	duhitrā			empty							
subhashita-beginner	durbala	durbalā			empty							
subhashita-beginner	dvija	dvije			empty							
subhashita-beginner	etad	etat			empty							
subhashita-beginner	eva	tatra			empty							
subhashita-beginner	gaj	gajāḥ			empty							
subhashita-beginner	gam	gate			empty							
subhashita-beginner	ganDa	gandhena			empty							
subhashita-beginner	garBin	garbhiṇī			empty							
subhashita-beginner	garj	garjati			empty							
subhashita-beginner	go	gavā			empty							
subhashita-beginner	grIzma	grīṣmeṇa			empty							
subhashita-beginner	grah	grahas			empty							
subhashita-beginner	guRa	guṇāḥ			empty							
subhashita-beginner	guRi	tādṛś			empty							
subhashita-beginner	gur	gurau			empty							
subhashita-beginner	guru	guruṣu			empty							
subhashita-beginner	hA	hāsyatām			empty							
subhashita-beginner	ha	he			empty							
subhashita-beginner	han	hanyate			empty							
subhashita-beginner	has	hastau			empty							
subhashita-beginner	hfd	hṛdi			empty							
subhashita-beginner	hi	hi			empty							
subhashita-beginner	i	iti			empty							
subhashita-beginner	iha	duḥkham			empty							
subhashita-beginner	itara	rājānaḥ			empty							
subhashita-beginner	iva	iva			empty							
subhashita-beginner	jAtu	jātu			empty							
subhashita-beginner	jAtyanDa	jātyandhaḥ			empty							
subhashita-beginner	jIv	jīvitavyeṣu			empty							
subhashita-beginner	jYA	jānanti			empty							
subhashita-beginner	jaMgamya	jaṅgamāni			empty							
subhashita-beginner	jagat	jagat			empty							
subhashita-beginner	jagatI	jagati			empty							
subhashita-beginner	jala	jalena			empty							
subhashita-beginner	jan	jātena			empty							
subhashita-beginner	jana	janās			empty							
subhashita-beginner	janman	janma			empty							
subhashita-beginner	jfmB	jṛmbhate			empty							
subhashita-beginner	ji	jātyā			empty							
subhashita-beginner	jihvA	jihvā			empty							
subhashita-beginner	kAka	kākāḥ			empty							
subhashita-beginner	kAku	kāko			empty							
subhashita-beginner	kAma	kāmāt			empty							
subhashita-beginner	kAmin	kāmī			empty							
subhashita-beginner	kAraRa	kāraṇam			empty							
subhashita-beginner	kAvi	ke			empty							
subhashita-beginner	kAzWa	kāṣṭhe			empty							
subhashita-beginner	ka	kasya			empty							
subhashita-beginner	kaNkaRa	kaṅkaṇena			empty							
subhashita-beginner	kaTi	kathyate			empty							
subhashita-beginner	kal	kāle			empty							
subhashita-beginner	kaluza	kaluṣam			empty							
subhashita-beginner	kan	kānta			empty							
subhashita-beginner	kapawa	kapaṭena			empty							
subhashita-beginner	karman	karma			empty							
subhashita-beginner	karv	kari			empty							
subhashita-beginner	kavi	kaviḥ			empty							
subhashita-beginner	kena	kena			empty							
subhashita-beginner	kf	kāryāṇi			empty							
subhashita-beginner	kfpaRa	kṛpaṇena			empty							
subhashita-beginner	kftaGna	kṛtaghnāḥ			empty							
subhashita-beginner	kftajYa	kṛtajñeṣu			empty							
subhashita-beginner	kfz	karṣati			empty							
subhashita-beginner	kim	kim			empty							
subhashita-beginner	kleSa	kleśe			empty							
subhashita-beginner	krama	krameṇa			empty							
subhashita-beginner	kroDa	krodhāt			empty							
subhashita-beginner	ku	ko			empty							
subhashita-beginner	kuRqi	kuṇḍe			empty							
subhashita-beginner	kuSala	kuśalā			empty							
subhashita-beginner	kukkura	kukkura			empty							
subhashita-beginner	kula	kule			empty							
subhashita-beginner	kup	kupyanti			empty							
subhashita-beginner	kva	kva			empty							
subhashita-beginner	kzI	kṣīṇeṣu			empty							
subhashita-beginner	kzam	kṣamī			empty							
subhashita-beginner	kzi	kṣaya			empty							
subhashita-beginner	kzipra	kṣipram			empty							
subhashita-beginner	laB	labhate			empty							
subhashita-beginner	laNG	laṅghayet			empty							
subhashita-beginner	locana	locanam			empty							
subhashita-beginner	lok	loke			empty							
subhashita-beginner	luB	lobhitar			empty							
subhashita-beginner	mA	me			empty							
subhashita-beginner	mAlatI	mālatī			empty							
subhashita-beginner	mAnava	mānavāḥ			empty							
subhashita-beginner	mUka	mūka			empty							
subhashita-beginner	mUli	mūlam			empty							
subhashita-beginner	mUrKa	mūrkhe			empty							
subhashita-beginner	maDurA	madhurā			empty							
subhashita-beginner	madira	madirā			empty							
subhashita-beginner	mah	mahati			empty							
subhashita-beginner	man	manaḥ			empty							
subhashita-beginner	manas	manasā			empty							
subhashita-beginner	mandavisarpin	mandavisarpiṇī			empty							
subhashita-beginner	manoraTa	manorathaiḥ			empty							
subhashita-beginner	mantr	mantritam			empty							
subhashita-beginner	mantra	mantra			empty							
subhashita-beginner	manu	mano			empty							
subhashita-beginner	matkuRa	matkuṇasya			empty							
subhashita-beginner	may	mṛd			empty							
subhashita-beginner	mayUra	mayūraiḥ			empty							
subhashita-beginner	meGa	meghaḥ			empty							
subhashita-beginner	mevi	mayi			empty							
subhashita-beginner	mf	mṛtaḥ			empty							
subhashita-beginner	mfR	śūra			empty							
subhashita-beginner	mfga	mṛgāḥ			empty							
subhashita-beginner	mfgendra	mṛgendra			empty							
subhashita-beginner	miTyA	mithyā			empty							
subhashita-beginner	mitra	mitra			empty							
subhashita-beginner	muKa	mukhe			empty							
subhashita-beginner	muRq	muṇḍanena			empty							
subhashita-beginner	muRqa	muṇḍe			empty							
subhashita-beginner	muc	muktiḥ			empty							
subhashita-beginner	muh	mūḍhā			empty							
subhashita-beginner	muni	muneḥ			empty							
subhashita-beginner	nAma	nāma			empty							
subhashita-beginner	nI	nayana			empty							
subhashita-beginner	na	na			empty							
subhashita-beginner	nagnakzapaRaka	nagnakṣapaṇake			empty							
subhashita-beginner	nah	nahi			empty							
subhashita-beginner	nam	namanti			empty							
subhashita-beginner	netf	netaras			empty							
subhashita-beginner	nf	nṛṇām			empty							
subhashita-beginner	ni	nis			empty							
subhashita-beginner	nij	nijā			empty							
subhashita-beginner	nimnagA	nimnagā			empty							
subhashita-beginner	nirantara	nirantaram			empty							
subhashita-beginner	nirarTaka	nirarthakam			empty							
subhashita-beginner	niviS	niviśate			empty							
subhashita-beginner	nivid	niveditā			empty							
subhashita-beginner	nu	no			empty							
subhashita-beginner	pA	pibati			empty							
subhashita-beginner	pARi	pāṇiḥ			empty							
subhashita-beginner	pARqitya	pāṇḍityam			empty							
subhashita-beginner	pAWi	pāṭhitaḥ			empty							
subhashita-beginner	pApa	pāpe			empty							
subhashita-beginner	pAzARa	pāṣāṇe			empty							
subhashita-beginner	pF	para			empty							
subhashita-beginner	pUr	pūrṇam			empty							
subhashita-beginner	paNka	paṅkam			empty							
subhashita-beginner	paRqita	paṇḍitaḥ			empty							
subhashita-beginner	paTin	panthānaḥ			empty							
subhashita-beginner	paW	paṭha			empty							
subhashita-beginner	paYcaza	pañcaṣāḥ			empty							
subhashita-beginner	pad	padam			empty							
subhashita-beginner	pakzi	pakṣā			empty							
subhashita-beginner	parA	pare			empty							
subhashita-beginner	parama	paramām			empty							
subhashita-beginner	pariRAma	pariṇāme			empty							
subhashita-beginner	paripuzwa	paripuṣṭaḥ			empty							
subhashita-beginner	parivartin	parivartini			empty							
subhashita-beginner	parjanya	parjanya			empty							
subhashita-beginner	pat	patiṣyasi			empty							
subhashita-beginner	pati	patiḥ			empty							
subhashita-beginner	payas	payas			empty							
subhashita-beginner	pfTivIkzit	pṛthivīkṣitām			empty							
subhashita-beginner	pfTivIpati	pṛthivīpatiḥ			empty							
subhashita-beginner	pi	pitā			empty							
subhashita-beginner	pitAmaha	pitāmahāḥ			empty							
subhashita-beginner	prI	priya			empty							
subhashita-beginner	praT	pratham			empty							
subhashita-beginner	pradA	pradātavyaḥ			empty							
subhashita-beginner	prajA	prajā			empty							
subhashita-beginner	prajYA	prajñā			empty							
subhashita-beginner	prapad	prapannāni			empty							
subhashita-beginner	prasad	prasīdati			empty							
subhashita-beginner	prati	prati			empty							
subhashita-beginner	pratiSraya	pratiśrayaḥ			empty							
subhashita-beginner	pratigrah	pratigrahe			empty							
subhashita-beginner	pratikf	pratikāreṇa			empty							
subhashita-beginner	pratipad	pratipadyate			empty							
subhashita-beginner	praviS	praviśanti			empty							
subhashita-beginner	prayam	prayacchati			empty							
subhashita-beginner	punar	punar			empty							
subhashita-beginner	purohita	purohitaḥ			empty							
subhashita-beginner	puruza	puruṣaḥ			empty							
subhashita-beginner	putra	putreṇa			empty							
subhashita-beginner	puzkala	puṣkalena			empty							
subhashita-beginner	rAj	rājā			empty							
subhashita-beginner	rAjan	rājñi			empty							
subhashita-beginner	raYj	rajakas			empty							
subhashita-beginner	ram	ratis			empty							
subhashita-beginner	sA	sā			empty							
subhashita-beginner	sADu	sādhavaḥ			empty							
subhashita-beginner	sOKya	saukhyam			empty							
subhashita-beginner	sTA	tiṣṭhanti			empty							
subhashita-beginner	sTAvara	sthāvarāṇi			empty							
subhashita-beginner	sU	svā			empty							
subhashita-beginner	sUci	sūktayaḥ			empty							
subhashita-beginner	sUkzma	sūkṣmaḥ			empty							
subhashita-beginner	sa	sa			empty							
subhashita-beginner	saMDA	sandhīyate			empty							
subhashita-beginner	saMKyA	saṅkhyā			empty							
subhashita-beginner	saMSraya	saṃśrayaḥ			empty							
subhashita-beginner	saMgati	saṅgatim			empty							
subhashita-beginner	saMkalpa	saṅkalpāt			empty							
subhashita-beginner	saMkalpi	saṅkalpayiṣyāmi			empty							
subhashita-beginner	saMkuc	saṅkucanti			empty							
subhashita-beginner	saMsf	saṃsāre			empty							
subhashita-beginner	saMyuj	saṃyujyeta			empty							
subhashita-beginner	saYj	saṅgas			empty							
subhashita-beginner	saha	saha			empty							
subhashita-beginner	sahaja	sahajā			empty							
subhashita-beginner	sahas	sahasā			empty							
subhashita-beginner	sahasra	sahasreṣu			empty							
subhashita-beginner	sakala	sakalam			empty							
subhashita-beginner	salila	salilena			empty							
subhashita-beginner	sam	samaḥ			empty							
subhashita-beginner	samADA	samādhātum			empty							
subhashita-beginner	samAcar	samācaret			empty							
subhashita-beginner	samAna	samāne			empty							
subhashita-beginner	samas	saṃbhavaḥ			empty							
subhashita-beginner	samudra	samudreṇa			empty							
subhashita-beginner	samunnam	samunnatim			empty							
subhashita-beginner	santa	santa			empty							
subhashita-beginner	sarvAtman	sarvātmanā			empty							
subhashita-beginner	sarva	sarve			empty							
subhashita-beginner	sat	satām			empty							
subhashita-beginner	sev	sevā			empty							
subhashita-beginner	sfj	sṛṣṭi			empty							
subhashita-beginner	siD	sidhyanti			empty							
subhashita-beginner	siMha	siṃhasya			empty							
subhashita-beginner	sma	sma			empty							
subhashita-beginner	snA	snā			empty							
subhashita-beginner	sparDA	spardhayā			empty							
subhashita-beginner	spfS	sparśane			empty							
subhashita-beginner	strI	strīṣu			empty							
subhashita-beginner	su	su			empty							
subhashita-beginner	suKam	sukham			empty							
subhashita-beginner	suKi	sukha			empty							
subhashita-beginner	sugfhin	sugṛhī			empty							
subhashita-beginner	suhfd	suhṛt			empty							
subhashita-beginner	sukfta	sukṛtena			empty							
subhashita-beginner	sukula	sukule			empty							
subhashita-beginner	sumanas	sumanasas			empty							
subhashita-beginner	sundara	sundaryā			empty							
subhashita-beginner	surUpa	surūpa			empty							
subhashita-beginner	svAdu	svādu			empty							
subhashita-beginner	sva	sva			empty							
subhashita-beginner	svaDarma	svadharme			empty							
subhashita-beginner	svap	suptasya			empty							
subhashita-beginner	svasf	svasrā			empty							
subhashita-beginner	tA	te			empty							
subhashita-beginner	tAdfSa	tādṛśe			empty							
subhashita-beginner	tIrTa	tīrthe			empty							
subhashita-beginner	taTA	tathā			empty							
subhashita-beginner	tad	tasya			empty							
subhashita-beginner	tadvat	tadvat			empty							
subhashita-beginner	tam	tān			empty							
subhashita-beginner	tan	sanātha			empty							
subhashita-beginner	tap	taptā			empty							
subhashita-beginner	tasmAt	tasmāt			empty							
subhashita-beginner	tena	tena			empty							
subhashita-beginner	tfRa	tṛṇāya			empty							
subhashita-beginner	tfp	tṛptiḥ			empty							
subhashita-beginner	tftIyA	tṛtīyā			empty							
subhashita-beginner	til	tila			empty							
subhashita-beginner	tri	triṣu			empty							
subhashita-beginner	tripaTagA	tripathagām			empty							
subhashita-beginner	tu	tu			empty							
subhashita-beginner	tulA	tulayā			empty							
subhashita-beginner	tva	tvām			empty							
subhashita-beginner	tyaj	tyājyaḥ			empty							
subhashita-beginner	uB	ubhe			empty							
subhashita-beginner	udyam	udyamena			empty							
subhashita-beginner	ugra	madhuram			empty							
subhashita-beginner	upaskf	upakāriṣu			empty							
subhashita-beginner	utpad	utpadyante			empty							
subhashita-beginner	vA	vān			empty							
subhashita-beginner	vARi	vāṇī			empty							
subhashita-beginner	vac	vaktāraḥ			empty							
subhashita-beginner	vad	vada			empty							
subhashita-beginner	valg	valganti			empty							
subhashita-beginner	valgu	valgu			empty							
subhashita-beginner	vap	vāpi			empty							
subhashita-beginner	vapus	vapus			empty							
subhashita-beginner	vas	vāsas			empty							
subhashita-beginner	vf	vṛṇīte			empty							
subhashita-beginner	vfD	vṛddhe			empty							
subhashita-beginner	vfj	varjayet			empty							
subhashita-beginner	vfz	varṣati			empty							
subhashita-beginner	viBava	vibhave			empty							
subhashita-beginner	viS	viśanti			empty							
subhashita-beginner	viSiz	viśeṣatas			empty							
subhashita-beginner	vicitra	vicitrāṇi			empty							
subhashita-beginner	vid	vidyate			empty							
subhashita-beginner	vikali	vikale			empty							
subhashita-beginner	vikas	vikasanti			empty							
subhashita-beginner	vinI	vinayena			empty							
subhashita-beginner	vinaS	vinaśyataḥ			empty							
subhashita-beginner	vipAka	vipāke			empty							
subhashita-beginner	vipad	vipat			empty							
subhashita-beginner	viraYj	virāgaḥ			empty							
subhashita-beginner	vivft	vivartete			empty							
subhashita-beginner	vivic	viviktās			empty							
subhashita-beginner	vyADA	vyādhiḥ			empty							
subhashita-beginner	vyaD	vyādhinā			empty							
subhashita-beginner	vyasana	vyasane			empty							
subhashita-beginner	vyavahf	vyavahāreṣu			empty							
subhashita-beginner	yA	yāsyanti			empty							
subhashita-beginner	yAc	yācante			empty							
subhashita-beginner	yAdfSa	yādṛśe			empty							
subhashita-beginner	yaSas	yaśasi			empty							
subhashita-beginner	yaTA	yathā			empty							
subhashita-beginner	yaTAviDi	yathāvidhi			empty							
subhashita-beginner	yad	yasya			empty							
subhashita-beginner	yadi	yadi			empty							
subhashita-beginner	yat	yātā			empty							
subhashita-beginner	yatra	yatra			empty							
subhashita-beginner	yozit	yoṣiti			empty							
subhashita-beginner	yu	yo			empty							
subhashita-beginner	yuj	yojayet			empty							
subhashita-beginner	zawpada	ṣaṭpadās			empty							
subhashita-beginner	Брахман	Брахман			empty							
subhashita-beginner	Брихаспати	Брихаспати			empty							
subhashita-beginner	Защищайте	пьет			empty							
subhashita-beginner	Испрашивая	милостыня			empty							
subhashita-beginner	Канкану				empty							
subhashita-beginner	Капаты	нарочно			empty							
subhashita-beginner	Ману	сердце			empty							
subhashita-beginner	Митра	Митра			empty							
subhashita-beginner	Одного				empty							
subhashita-beginner	Омойте				empty							
subhashita-beginner	Парджанья	Парджанья			empty							
subhashita-beginner	Прекрасный, как юное облако				empty							
subhashita-beginner	Решений				empty							
subhashita-beginner	Сурупа	прекрасен			empty							
subhashita-beginner	Текущей тремя путями				empty							
subhashita-beginner	Улука				empty							
subhashita-beginner	Шива	шакалы			empty							
subhashita-beginner	безупречный	безупречный			empty							
subhashita-beginner	бесстрашие	безопасность			empty							
subhashita-beginner	благого деяния	благочестию			empty							
subhashita-beginner	благодарный				empty							
subhashita-beginner	блистал	сияет			empty							
subhashita-beginner	богатство	казной			empty							
subhashita-beginner	боги	божественного			empty							
subhashita-beginner	брахман	к брахманам			empty							
subhashita-beginner	бритый				empty							
subhashita-beginner	будет	будет			empty							
subhashita-beginner	будь	объясняют			empty							
subhashita-beginner	быстро	бежит			empty							
subhashita-beginner	в	вырубил			empty							
subhashita-beginner	в битве	число			empty							
subhashita-beginner	вдавил				empty							
subhashita-beginner	ведут	глаза			empty							
subhashita-beginner	ведь	ведь			empty							
subhashita-beginner	великий повелитель				empty							
subhashita-beginner	великого	великой			empty							
subhashita-beginner	вера	верой			empty							
subhashita-beginner	весы	весу			empty							
subhashita-beginner	взяв				empty							
subhashita-beginner	вкус	сок			empty							
subhashita-beginner	владыка земли				empty							
subhashita-beginner	власть	по воле			empty							
subhashita-beginner	влюбленный	влюбленный			empty							
subhashita-beginner	вместе	равный			empty							
subhashita-beginner	внезапно	внезапно			empty							
subhashita-beginner	воды	водою			empty							
subhashita-beginner	вождь				empty							
subhashita-beginner	вознесен				empty							
subhashita-beginner	возникает	возникают			empty							
subhashita-beginner	возрастает	старые			empty							
subhashita-beginner	воля	мыслью			empty							
subhashita-beginner	воплощенный				empty							
subhashita-beginner	ворона				empty							
subhashita-beginner	воспринимается	воспринимается			empty							
subhashita-beginner	восхвалять	достойных восхваления			empty							
subhashita-beginner	восход	нет			empty							
subhashita-beginner	вошел	входят			empty							
subhashita-beginner	все	полностью			empty							
subhashita-beginner	всей душою	всей душой			empty							
subhashita-beginner	вспахивая	привлекает			empty							
subhashita-beginner	выжимающего	хорошенько			empty							
subhashita-beginner	вырвав	здоровья			empty							
subhashita-beginner	высшее	высшей			empty							
subhashita-beginner	выше	преобладании			empty							
subhashita-beginner	где	где			empty							
subhashita-beginner	гибнет	ослабевали			empty							
subhashita-beginner	глазами	взором			empty							
subhashita-beginner	глупец	Бездумно			empty							
subhashita-beginner	гнев	в гневе			empty							
subhashita-beginner	говорила	во мне			empty							
subhashita-beginner	говорить	зовется			empty							
subhashita-beginner	говорят	говорящие			empty							
subhashita-beginner	гость	гость			empty							
subhashita-beginner	греет	раскается			empty							
subhashita-beginner	грех	злая			empty							
subhashita-beginner	грозный	грозного			empty							
subhashita-beginner	грязь	трясину			empty							
subhashita-beginner	гуны	гуны			empty							
subhashita-beginner	гуру	наставниками			empty							
subhashita-beginner	да будет сделано	принимается за дела			empty							
subhashita-beginner	дает	щедрости			empty							
subhashita-beginner	даже	сознания			empty							
subhashita-beginner	дай	наделяется			empty							
subhashita-beginner	дал	пусть позволит играть			empty							
subhashita-beginner	далеко	далеко			empty							
subhashita-beginner	дваждырожденный	дваждырожденному			empty							
subhashita-beginner	движется				empty							
subhashita-beginner	дева	дитя			empty							
subhashita-beginner	дед	деды			empty							
subhashita-beginner	действия	деятельность			empty							
subhashita-beginner	делает	поведение			empty							
subhashita-beginner	день	день			empty							
subhashita-beginner	деревенек	деревня			empty							
subhashita-beginner	джагати	в мире			empty							
subhashita-beginner	для опьянения	опьянение			empty							
subhashita-beginner	днем	днем			empty							
subhashita-beginner	дни	я			empty							
subhashita-beginner	добродетельный	добродетельный			empty							
subhashita-beginner	добродетельных	добродетельных			empty							
subhashita-beginner	доволен	дорог			empty							
subhashita-beginner	дождь	дождь			empty							
subhashita-beginner	доится	корова			empty							
subhashita-beginner	долго	долго			empty							
subhashita-beginner	домашний жрец	Главный жрец			empty							
subhashita-beginner	достигает	достигает			empty							
subhashita-beginner	достойным общения				empty							
subhashita-beginner	дочь	дочерью			empty							
subhashita-beginner	дробя				empty							
subhashita-beginner	дрова	лес			empty							
subhashita-beginner	другие	другие			empty							
subhashita-beginner	другой	других			empty							
subhashita-beginner	дружески	жестокой			empty							
subhashita-beginner	друзей	друг			empty							
subhashita-beginner	дхарма	по закону			empty							
subhashita-beginner	если	если			empty							
subhashita-beginner	естественный	Родившись вместе			empty							
subhashita-beginner	есть	есть			empty							
subhashita-beginner	жадный				empty							
subhashita-beginner	жалобно	жалкий			empty							
subhashita-beginner	же	же			empty							
subhashita-beginner	желание				empty							
subhashita-beginner	женщины	женщины			empty							
subhashita-beginner	жертвователя	желанное			empty							
subhashita-beginner	живет				empty							
subhashita-beginner	живого	мир			empty							
subhashita-beginner	жил	одежды			empty							
subhashita-beginner	за пределами	выше			empty							
subhashita-beginner	запах	ароматом			empty							
subhashita-beginner	заполнил	высший			empty							
subhashita-beginner	заревел	ревел			empty							
subhashita-beginner	зверей	олени			empty							
subhashita-beginner	здесь	здесь			empty							
subhashita-beginner	зло	вину			empty							
subhashita-beginner	знает	есть			empty							
subhashita-beginner	зная	знают			empty							
subhashita-beginner	и	и			empty							
subhashita-beginner	иглой				empty							
subhashita-beginner	идет	так			empty							
subhashita-beginner	идут	отправятся			empty							
subhashita-beginner	изменение	в конце			empty							
subhashita-beginner	или				empty							
subhashita-beginner	именно	именно			empty							
subhashita-beginner	имеющий корень	корень			empty							
subhashita-beginner	имя	имя			empty							
subhashita-beginner	иначе	иначе			empty							
subhashita-beginner	искусен	сведущая			empty							
subhashita-beginner	исполненные смысла	богат			empty							
subhashita-beginner	истцом				empty							
subhashita-beginner	к	к			empty							
subhashita-beginner	как	как			empty							
subhashita-beginner	какой	в таком			empty							
subhashita-beginner	камни				empty							
subhashita-beginner	капля	сок			empty							
subhashita-beginner	клопов				empty							
subhashita-beginner	копчика	подчиняющаяся			empty							
subhashita-beginner	коров	коровой			empty							
subhashita-beginner	коснулся	касаться			empty							
subhashita-beginner	кроме	кроме			empty							
subhashita-beginner	куккуры				empty							
subhashita-beginner	лев	льва			empty							
subhashita-beginner	лежит	ложе			empty							
subhashita-beginner	лекарство				empty							
subhashita-beginner	лень				empty							
subhashita-beginner	лепет				empty							
subhashita-beginner	лес	лес			empty							
subhashita-beginner	лето				empty							
subhashita-beginner	лицо	ртом			empty							
subhashita-beginner	лишается дыхания	их			empty							
subhashita-beginner	лишения				empty							
subhashita-beginner	ложно	ложно			empty							
subhashita-beginner	любящий	возлюбленный			empty							
subhashita-beginner	люди	люди			empty							
subhashita-beginner	малати	малати			empty							
subhashita-beginner	мало	мало			empty							
subhashita-beginner	мальчика				empty							
subhashita-beginner	мантры	мантры			empty							
subhashita-beginner	между	пространство			empty							
subhashita-beginner	меняются				empty							
subhashita-beginner	местожительство	покои			empty							
subhashita-beginner	милых	прекрасно			empty							
subhashita-beginner	минералами				empty							
subhashita-beginner	минует	избегать			empty							
subhashita-beginner	многочисленные				empty							
subhashita-beginner	могучий	твердая			empty							
subhashita-beginner	молоко	молоко			empty							
subhashita-beginner	мудрец	мудреца			empty							
subhashita-beginner	мудрость	мудрость			empty							
subhashita-beginner	мудрые	мудрые			empty							
subhashita-beginner	мудрый	мудрый			empty							
subhashita-beginner	мужа	муж			empty							
subhashita-beginner	мужей	мужей			empty							
subhashita-beginner	мутные	Дурные			empty							
subhashita-beginner	на	землю			empty							
subhashita-beginner	на помощь	извергая			empty							
subhashita-beginner	надежда	надежда			empty							
subhashita-beginner	наделенный	потоки			empty							
subhashita-beginner	наложил	бывает наделен			empty							
subhashita-beginner	направил	Шри			empty							
subhashita-beginner	наслаждайся	пища			empty							
subhashita-beginner	насытиться	удовлетворение			empty							
subhashita-beginner	находящаяся в стороне	равнодушный			empty							
subhashita-beginner	не	не			empty							
subhashita-beginner	не дожидаясь	не дожидаясь			empty							
subhashita-beginner	не удовлетворив				empty							
subhashita-beginner	не-артха	не-артха			empty							
subhashita-beginner	небесные	небесные			empty							
subhashita-beginner	неблагодарный				empty							
subhashita-beginner	невечен	невечно			empty							
subhashita-beginner	нежноголосая	голоса			empty							
subhashita-beginner	немые	немые			empty							
subhashita-beginner	необычно				empty							
subhashita-beginner	неодолимый				empty							
subhashita-beginner	неподвижное	неподвижное			empty							
subhashita-beginner	неприятное	неприятное			empty							
subhashita-beginner	несчастье				empty							
subhashita-beginner	неусыпной				empty							
subhashita-beginner	никогда	никогда			empty							
subhashita-beginner	нищие				empty							
subhashita-beginner	ногами	след			empty							
subhashita-beginner	нравится	привыкший			empty							
subhashita-beginner	о				empty							
subhashita-beginner	оба	оба			empty							
subhashita-beginner	обидчики				empty							
subhashita-beginner	обитель	обитель			empty							
subhashita-beginner	облака	облако			empty							
subhashita-beginner	обретает	обретает			empty							
subhashita-beginner	объятие				empty							
subhashita-beginner	ограничение				empty							
subhashita-beginner	окажу помощь				empty							
subhashita-beginner	океан	с океаном			empty							
subhashita-beginner	окруженный	выбирает			empty							
subhashita-beginner	окружив	принятие			empty							
subhashita-beginner	омывшись	омывшись			empty							
subhashita-beginner	он	его			empty							
subhashita-beginner	оружие	оружие			empty							
subhashita-beginner	освобождается				empty							
subhashita-beginner	освобожденный	освобожденное			empty							
subhashita-beginner	осеней	осенью			empty							
subhashita-beginner	оставив				empty							
subhashita-beginner	отврати	кто			empty							
subhashita-beginner	отдай	дает			empty							
subhashita-beginner	отец	отец			empty							
subhashita-beginner	относятся	вращаются			empty							
subhashita-beginner	отправился	ушел			empty							
subhashita-beginner	отряхнулся	сверкает			empty							
subhashita-beginner	охраняемый	охраняемый			empty							
subhashita-beginner	павлинов				empty							
subhashita-beginner	перевоплощается	в сансаре			empty							
subhashita-beginner	перегоняя друг друга	из соперничества			empty							
subhashita-beginner	племен	входят			empty							
subhashita-beginner	по				empty							
subhashita-beginner	победить	от рождения			empty							
subhashita-beginner	погибли				empty							
subhashita-beginner	погибнет				empty							
subhashita-beginner	поглощается	перешагивать			empty							
subhashita-beginner	подняв	напряжением сил			empty							
subhashita-beginner	подобает				empty							
subhashita-beginner	поедает	начало			empty							
subhashita-beginner	поиски помощи	Саншрая			empty							
subhashita-beginner	попрекает	презрение			empty							
subhashita-beginner	попросил	просят			empty							
subhashita-beginner	посеяно	или			empty							
subhashita-beginner	последовательность	постепенно			empty							
subhashita-beginner	послушание	послушанием			empty							
subhashita-beginner	посовещавшись	совет			empty							
subhashita-beginner	потомство	потомство			empty							
subhashita-beginner	почва	кто			empty							
subhashita-beginner	почитают	почитает			empty							
subhashita-beginner	почтительно	смиренно			empty							
subhashita-beginner	поэт	поэт			empty							
subhashita-beginner	поэтому	поэтому			empty							
subhashita-beginner	правильно	она			empty							
subhashita-beginner	пребывает	стоят			empty							
subhashita-beginner	превосходит	особенно			empty							
subhashita-beginner	прибегаю				empty							
subhashita-beginner	приближающегося	срок жизни			empty							
subhashita-beginner	привлекут	происхождение			empty							
subhashita-beginner	привязанный	привязанность			empty							
subhashita-beginner	призывом				empty							
subhashita-beginner	прими				empty							
subhashita-beginner	принеси	жена			empty							
subhashita-beginner	приносить	помогают			empty							
subhashita-beginner	принял	принять			empty							
subhashita-beginner	приплясывая				empty							
subhashita-beginner	причина	причина			empty							
subhashita-beginner	пришел				empty							
subhashita-beginner	произнося				empty							
subhashita-beginner	происходила	поведение			empty							
subhashita-beginner	проклял	проклинает			empty							
subhashita-beginner	пронзил	при разрывании			empty							
subhashita-beginner	просим	который			empty							
subhashita-beginner	прославленный				empty							
subhashita-beginner	простить	терпеливый			empty							
subhashita-beginner	противодействовать				empty							
subhashita-beginner	протянулся	эти			empty							
subhashita-beginner	пути				empty							
subhashita-beginner	путь	пути			empty							
subhashita-beginner	пчелы				empty							
subhashita-beginner	пьянящего	Мадира			empty							
subhashita-beginner	пять-шесть				empty							
subhashita-beginner	равнодушия				empty							
subhashita-beginner	радуются				empty							
subhashita-beginner	разгневался	гневались			empty							
subhashita-beginner	разгневанный	гневайся			empty							
subhashita-beginner	различные	различные			empty							
subhashita-beginner	раскрывающийся				empty							
subhashita-beginner	расположились	проник			empty							
subhashita-beginner	река	река			empty							
subhashita-beginner	решив	определенно			empty							
subhashita-beginner	род	в роду			empty							
subhashita-beginner	родила	свою			empty							
subhashita-beginner	родился	в рожденном			empty							
subhashita-beginner	родственники	родственников			empty							
subhashita-beginner	рождение	рождение			empty							
subhashita-beginner	руки	в руках			empty							
subhashita-beginner	с	с			empty							
subhashita-beginner	с бритой головой				empty							
subhashita-beginner	самана	общем			empty							
subhashita-beginner	самая последняя				empty							
subhashita-beginner	сандалом	сандаловой мазью			empty							
subhashita-beginner	сверкает	царь			empty							
subhashita-beginner	свой	свой			empty							
subhashita-beginner	свой долг	своей дхарме			empty							
subhashita-beginner	связано	не			empty							
subhashita-beginner	связь				empty							
subhashita-beginner	сделал	дела			empty							
subhashita-beginner	сегодня	сегодня			empty							
subhashita-beginner	семя	семя			empty							
subhashita-beginner	сердце	в сердце			empty							
subhashita-beginner	сестра				empty							
subhashita-beginner	сжигает	сгорела			empty							
subhashita-beginner	скажи	наставлению			empty							
subhashita-beginner	сказал				empty							
subhashita-beginner	склоняется	сгибают			empty							
subhashita-beginner	скорбит	скорбит			empty							
subhashita-beginner	слабый	подавленным			empty							
subhashita-beginner	слава	в славе			empty							
subhashita-beginner	сладкую	сладкую			empty							
subhashita-beginner	слепцу				empty							
subhashita-beginner	служит	служением			empty							
subhashita-beginner	смеясь				empty							
subhashita-beginner	смилуйся	очищается			empty							
subhashita-beginner	снова	снова			empty							
subhashita-beginner	совершай	совершает			empty							
subhashita-beginner	совершил				empty							
subhashita-beginner	согласно правилу	согласно правилу			empty							
subhashita-beginner	соединившись	сочетается			empty							
subhashita-beginner	созревание				empty							
subhashita-beginner	сосредоточить	сосредоточить			empty							
subhashita-beginner	сотворил	творение			empty							
subhashita-beginner	союзником	запряженной			empty							
subhashita-beginner	спит	уснувшего			empty							
subhashita-beginner	способен	возможно			empty							
subhashita-beginner	стареет	старость			empty							
subhashita-beginner	сто				empty							
subhashita-beginner	стороны	месте			empty							
subhashita-beginner	страдают	слабости			empty							
subhashita-beginner	стремится	проведем			empty							
subhashita-beginner	стыдливая				empty							
subhashita-beginner	счастлив	счастье			empty							
subhashita-beginner	считаю	ум			empty							
subhashita-beginner	сын	сыном			empty							
subhashita-beginner	так	так			empty							
subhashita-beginner	также	также			empty							
subhashita-beginner	такое	такое			empty							
subhashita-beginner	такой	против			empty							
subhashita-beginner	там	там			empty							
subhashita-beginner	тело	телом			empty							
subhashita-beginner	тиртхе	тиртхе			empty							
subhashita-beginner	только	только			empty							
subhashita-beginner	тонкие	тонкое			empty							
subhashita-beginner	трава				empty							
subhashita-beginner	третий	третья			empty							
subhashita-beginner	три	трех			empty							
subhashita-beginner	тщетными	напрасными			empty							
subhashita-beginner	ты	в тебе			empty							
subhashita-beginner	тысяч	тысячи			empty							
subhashita-beginner	у кого побежденные привязанности и пороки	вечером			empty							
subhashita-beginner	убит	убивается			empty							
subhashita-beginner	увидев	видны			empty							
subhashita-beginner	увлеченная, любовно танцует	враги			empty							
subhashita-beginner	увы	увы			empty							
subhashita-beginner	уединенном				empty							
subhashita-beginner	ум	мыслью			empty							
subhashita-beginner	умирает	смерть			empty							
subhashita-beginner	упал				empty							
subhashita-beginner	употребляется				empty							
subhashita-beginner	упражняется	навыкомъ			empty							
subhashita-beginner	услышав	слышит			empty							
subhashita-beginner	устанавливается	будут действенными			empty							
subhashita-beginner	ученик	ученик			empty							
subhashita-beginner	ученость				empty							
subhashita-beginner	функция				empty							
subhashita-beginner	хорошо	добродетельные			empty							
subhashita-beginner	хочу	считается			empty							
subhashita-beginner	хуже	затмивший			empty							
subhashita-beginner	цари	царям			empty							
subhashita-beginner	царь				empty							
subhashita-beginner	царь зверей	царь зверей			empty							
subhashita-beginner	цветами	доброжелательны			empty							
subhashita-beginner	целует				empty							
subhashita-beginner	человек	люди			empty							
subhashita-beginner	через	через			empty							
subhashita-beginner	четыре	четыре			empty							
subhashita-beginner	чистый	очищение			empty							
subhashita-beginner	читает				empty							
subhashita-beginner	что	которого			empty							
subhashita-beginner	чувства	чувства			empty							
subhashita-beginner	шастры	наставления			empty							
subhashita-beginner	шкуры	шкуры лани			empty							
subhashita-beginner	шпионов				empty							
subhashita-beginner	щеки	щеки			empty							
subhashita-beginner	эти	тебе			empty							
subhashita-beginner	это	это			empty							
subhashita-beginner	я	от меня			empty							
subhashita-beginner	язык	язык			empty							
