pack	lemma_slp1	surface	locus	status	candidate	candidate_source	gloss_en
hitopadesa-0	adravya	adravye	42	not_russian			a nothing; a worthless thing; [medic.] not a dravya = e.g. the mental disposition of the…
hitopadesa-0	ahāryatva	ahāryatvād	4	not_russian			the state of not being liable to be taken away
hitopadesa-0	ajāgalastana	ajāgalastanasya	26	not_russian			nipple or fleshy protuberance on the neck of goats; an emblem of any useless or worthless…
hitopadesa-0	anargha	anargha	4	not_russian			priceless; invaluable
hitopadesa-0	anudyoga	anudyogena	32	not_russian			absence of exertion or effort; inactivity
hitopadesa-0	autkārṣya	autkārṣyam	30	empty			
hitopadesa-0	daiva	daivaṃ	30	not_russian	божественный	seeder_deck	a religious offering or rite; divine power or will; destiny; fate; chance; a deity; finge…
hitopadesa-0	ekaika	ekaikam	11	not_russian	один за другим	seeder_deck	one by one; single; every single one
hitopadesa-0	hitopadeśa	hitopadeśo	2	not_russian			friendly advice; salutary instruction; name of a popular collection of fables intermixed…
hitopadesa-0	jāragarbha	jāragarbha	39	not_russian			a child by a paramour; bastard
hitopadesa-0	kathāmukha	kathāmukham	10	not_russian			introduction to a tale; name of the second Lambaka or book of the Kathāsaritsāgara
hitopadesa-0	kaṭhinī	kaṭhinī	16	not_russian			chalk
hitopadesa-0	kuśūla	kuśūla	21	empty			
hitopadesa-0	kākatālīya	kākatālīya	35	not_russian			after the manner of the crow and the palm-fruit; unexpected
hitopadesa-0	maithuna	maithunāni	25	not_russian			connection; copulation; marriage; sexual intercourse
hitopadesa-0	mārakata	mārakatīr	40	not_russian			belonging to an emerald; having any of the properties or qualities of an emerald; coloure…
hitopadesa-0	nirgandha	nirgandhā	38	not_russian			void of smell; inodorous
hitopadesa-0	nīcagā	nīcagā	5	not_russian			a river
hitopadesa-0	pauruṣa	pauruṣam	33	not_russian			manhood; virility (opp. to strītva); manliness; manly strength or courage or deed; valour…
hitopadesa-0	pañcatantra	pañcatantrāt	9	not_russian			name of the well-known collection of moral stories and fables in 5 books; name of a poem…
hitopadesa-0	pravīṇatā	pravīṇatām	40	not_russian			skill; proficiency
hitopadesa-0	pāṭaliputra	pāṭaliputra	10	not_russian			name of a town
hitopadesa-0	samunnati	samunnatim	15	not_russian			rising; swelling; exaltation; eminence; high position; elevation; increase; growth
hitopadesa-0	sutin	sutinī	16	not_russian			having sons
hitopadesa-0	taila	tailāni	32	not_russian			sesamum oil; oil; olibanum
hitopadesa-0	ucchedin	ucchedi	10	not_russian			destroying; resolving (doubts or difficulties)
hitopadesa-0	udayagiri	udayagireḥ	45	not_russian			the eastern mountain
hitopadesa-0	udyogin	udyoginaṃ	33	not_russian	прилежный, энергичный	seeder_deck	one who makes effort; active; laborious; persevering; energetic
hitopadesa-0	unmārga	unmārga	12	not_russian			deviation from the right way; wrong way (lit. and fig.)
hitopadesa-0	vaicitrya	vaicitryaṃ	2	not_russian			variety; manifoldness; diversity; sorrow; despair
hitopadesa-0	vairin	vairī	37	not_russian			an enemy; a hero
hitopadesa-0	viśiṣṭatā	viśiṣṭatām	41	empty			
hitopadesa-0	viṣṇuśarman	viṣṇuśarma	42	not_russian			name of various authors and other persons
hitopadesa-0	yauvana	yauvanaṃ	11	not_russian			youth; youthfulness; adolescence; puberty; manhood; a number of young people (esp. of you…
hitopadesa-0	ālambin	ālambī	21	not_russian			hanging from; resting or leaning upon; depending on or from; laying hold of; supporting;…
hitopadesa-0	śaurya	śaurye	17	not_russian			heroism; valour; prowess; might; the heroic branch of dramatic art; name of a village
hitopadesa-0	ṛṇakartṛ	ṛṇakartā	22	not_russian			one who contracts a debt; indebted
subhashita-beginner	baDiratama	badhiratamāḥ		empty			
subhashita-beginner	dEva	daiva		empty	боги	sa_ru_glossary	
subhashita-beginner	dEvajYa	daivajñe		empty			
subhashita-beginner	divAnaktam	divānaktam		empty			
subhashita-beginner	kuRqi	kuṇḍe		empty			
subhashita-beginner	mandavisarpin	mandavisarpiṇī		empty			
subhashita-beginner	nagnakzapaRaka	nagnakṣapaṇake		empty			
subhashita-beginner	pAWi	pāṭhitaḥ		empty	разрубить	sa_ru_glossary	
subhashita-beginner	paripuzwa	paripuṣṭaḥ		empty			
subhashita-beginner	sOKya	saukhyam		empty			
subhashita-beginner	sugfhin	sugṛhī		empty			
subhashita-beginner	sukula	sukule		empty			
subhashita-beginner	Брахман	Брахман		empty			
subhashita-beginner	Брихаспати	Брихаспати		empty			
subhashita-beginner	Защищайте	пьет		empty			
subhashita-beginner	Испрашивая	милостыня		empty			
subhashita-beginner	Канкану			empty			
subhashita-beginner	Капаты	нарочно		empty			
subhashita-beginner	Ману	сердце		empty			
subhashita-beginner	Митра	Митра		empty			
subhashita-beginner	Одного			empty			
subhashita-beginner	Омойте			empty			
subhashita-beginner	Парджанья	Парджанья		empty			
subhashita-beginner	Прекрасный, как юное облако			empty			
subhashita-beginner	Решений			empty			
subhashita-beginner	Сурупа	прекрасен		empty			
subhashita-beginner	Текущей тремя путями			empty			
subhashita-beginner	Улука			empty			
subhashita-beginner	Шива	шакалы		empty			
subhashita-beginner	безупречный	безупречный		empty			
subhashita-beginner	бесстрашие	безопасность		empty			
subhashita-beginner	благого деяния	благочестию		empty			
subhashita-beginner	благодарный			empty			
subhashita-beginner	блистал	сияет		empty			
subhashita-beginner	богатство	казной		empty			
subhashita-beginner	боги	божественного		empty			
subhashita-beginner	брахман	к брахманам		empty			
subhashita-beginner	бритый			empty			
subhashita-beginner	будет	будет		empty			
subhashita-beginner	будь	объясняют		empty			
subhashita-beginner	быстро	бежит		empty			
subhashita-beginner	в	вырубил		empty			
subhashita-beginner	в битве	число		empty			
subhashita-beginner	вдавил			empty			
subhashita-beginner	ведут	глаза		empty			
subhashita-beginner	ведь	ведь		empty			
subhashita-beginner	великий повелитель			empty			
subhashita-beginner	великого	великой		empty			
subhashita-beginner	вера	верой		empty			
subhashita-beginner	весы	весу		empty			
subhashita-beginner	взяв			empty			
subhashita-beginner	вкус	сок		empty			
subhashita-beginner	владыка земли			empty			
subhashita-beginner	власть	по воле		empty			
subhashita-beginner	влюбленный	влюбленный		empty			
subhashita-beginner	вместе	равный		empty			
subhashita-beginner	внезапно	внезапно		empty			
subhashita-beginner	воды	водою		empty			
subhashita-beginner	вождь			empty			
subhashita-beginner	вознесен			empty			
subhashita-beginner	возникает	возникают		empty			
subhashita-beginner	возрастает	старые		empty			
subhashita-beginner	воля	мыслью		empty			
subhashita-beginner	воплощенный			empty			
subhashita-beginner	ворона			empty			
subhashita-beginner	воспринимается	воспринимается		empty			
subhashita-beginner	восхвалять	достойных восхваления		empty			
subhashita-beginner	восход	нет		empty			
subhashita-beginner	вошел	входят		empty			
subhashita-beginner	все	полностью		empty			
subhashita-beginner	всей душою	всей душой		empty			
subhashita-beginner	вспахивая	привлекает		empty			
subhashita-beginner	выжимающего	хорошенько		empty			
subhashita-beginner	вырвав	здоровья		empty			
subhashita-beginner	высшее	высшей		empty			
subhashita-beginner	выше	преобладании		empty			
subhashita-beginner	где	где		empty			
subhashita-beginner	гибнет	ослабевали		empty			
subhashita-beginner	глазами	взором		empty			
subhashita-beginner	глупец	Бездумно		empty			
subhashita-beginner	гнев	в гневе		empty			
subhashita-beginner	говорила	во мне		empty			
subhashita-beginner	говорить	зовется		empty			
subhashita-beginner	говорят	говорящие		empty			
subhashita-beginner	гость	гость		empty			
subhashita-beginner	греет	раскается		empty			
subhashita-beginner	грех	злая		empty			
subhashita-beginner	грозный	грозного		empty			
subhashita-beginner	грязь	трясину		empty			
subhashita-beginner	гуны	гуны		empty			
subhashita-beginner	гуру	наставниками		empty			
subhashita-beginner	да будет сделано	принимается за дела		empty			
subhashita-beginner	дает	щедрости		empty			
subhashita-beginner	даже	сознания		empty			
subhashita-beginner	дай	наделяется		empty			
subhashita-beginner	дал	пусть позволит играть		empty			
subhashita-beginner	далеко	далеко		empty			
subhashita-beginner	дваждырожденный	дваждырожденному		empty			
subhashita-beginner	движется			empty			
subhashita-beginner	дева	дитя		empty			
subhashita-beginner	дед	деды		empty			
subhashita-beginner	действия	деятельность		empty			
subhashita-beginner	делает	поведение		empty			
subhashita-beginner	день	день		empty			
subhashita-beginner	деревенек	деревня		empty			
subhashita-beginner	джагати	в мире		empty			
subhashita-beginner	для опьянения	опьянение		empty			
subhashita-beginner	днем	днем		empty			
subhashita-beginner	дни	я		empty			
subhashita-beginner	добродетельный	добродетельный		empty			
subhashita-beginner	добродетельных	добродетельных		empty			
subhashita-beginner	доволен	дорог		empty			
subhashita-beginner	дождь	дождь		empty			
subhashita-beginner	доится	корова		empty			
subhashita-beginner	долго	долго		empty			
subhashita-beginner	домашний жрец	Главный жрец		empty			
subhashita-beginner	достигает	достигает		empty			
subhashita-beginner	достойным общения			empty			
subhashita-beginner	дочь	дочерью		empty			
subhashita-beginner	дробя			empty			
subhashita-beginner	дрова	лес		empty			
subhashita-beginner	другие	другие		empty			
subhashita-beginner	другой	других		empty			
subhashita-beginner	дружески	жестокой		empty			
subhashita-beginner	друзей	друг		empty			
subhashita-beginner	дхарма	по закону		empty			
subhashita-beginner	если	если		empty			
subhashita-beginner	естественный	Родившись вместе		empty			
subhashita-beginner	есть	есть		empty			
subhashita-beginner	жадный			empty			
subhashita-beginner	жалобно	жалкий		empty			
subhashita-beginner	же	же		empty			
subhashita-beginner	желание			empty			
subhashita-beginner	женщины	женщины		empty			
subhashita-beginner	жертвователя	желанное		empty			
subhashita-beginner	живет			empty			
subhashita-beginner	живого	мир		empty			
subhashita-beginner	жил	одежды		empty			
subhashita-beginner	за пределами	выше		empty			
subhashita-beginner	запах	ароматом		empty			
subhashita-beginner	заполнил	высший		empty			
subhashita-beginner	заревел	ревел		empty			
subhashita-beginner	зверей	олени		empty			
subhashita-beginner	здесь	здесь		empty			
subhashita-beginner	зло	вину		empty			
subhashita-beginner	знает	есть		empty			
subhashita-beginner	зная	знают		empty			
subhashita-beginner	и	и		empty			
subhashita-beginner	иглой			empty			
subhashita-beginner	идет	так		empty			
subhashita-beginner	идут	отправятся		empty			
subhashita-beginner	изменение	в конце		empty			
subhashita-beginner	или			empty			
subhashita-beginner	именно	именно		empty			
subhashita-beginner	имеющий корень	корень		empty			
subhashita-beginner	имя	имя		empty			
subhashita-beginner	иначе	иначе		empty			
subhashita-beginner	искусен	сведущая		empty			
subhashita-beginner	исполненные смысла	богат		empty			
subhashita-beginner	истцом			empty			
subhashita-beginner	к	к		empty			
subhashita-beginner	как	как		empty			
subhashita-beginner	какой	в таком		empty			
subhashita-beginner	камни			empty			
subhashita-beginner	капля	сок		empty			
subhashita-beginner	клопов			empty			
subhashita-beginner	копчика	подчиняющаяся		empty			
subhashita-beginner	коров	коровой		empty			
subhashita-beginner	коснулся	касаться		empty			
subhashita-beginner	кроме	кроме		empty			
subhashita-beginner	куккуры			empty			
subhashita-beginner	лев	льва		empty			
subhashita-beginner	лежит	ложе		empty			
subhashita-beginner	лекарство			empty			
subhashita-beginner	лень			empty			
subhashita-beginner	лепет			empty			
subhashita-beginner	лес	лес		empty			
subhashita-beginner	лето			empty			
subhashita-beginner	лицо	ртом		empty			
subhashita-beginner	лишается дыхания	их		empty			
subhashita-beginner	лишения			empty			
subhashita-beginner	ложно	ложно		empty			
subhashita-beginner	любящий	возлюбленный		empty			
subhashita-beginner	люди	люди		empty			
subhashita-beginner	малати	малати		empty			
subhashita-beginner	мало	мало		empty			
subhashita-beginner	мальчика			empty			
subhashita-beginner	мантры	мантры		empty			
subhashita-beginner	между	пространство		empty			
subhashita-beginner	меняются			empty			
subhashita-beginner	местожительство	покои		empty			
subhashita-beginner	милых	прекрасно		empty			
subhashita-beginner	минералами			empty			
subhashita-beginner	минует	избегать		empty			
subhashita-beginner	многочисленные			empty			
subhashita-beginner	могучий	твердая		empty			
subhashita-beginner	молоко	молоко		empty			
subhashita-beginner	мудрец	мудреца		empty			
subhashita-beginner	мудрость	мудрость		empty			
subhashita-beginner	мудрые	мудрые		empty			
subhashita-beginner	мудрый	мудрый		empty			
subhashita-beginner	мужа	муж		empty			
subhashita-beginner	мужей	мужей		empty			
subhashita-beginner	мутные	Дурные		empty			
subhashita-beginner	на	землю		empty			
subhashita-beginner	на помощь	извергая		empty			
subhashita-beginner	надежда	надежда		empty			
subhashita-beginner	наделенный	потоки		empty			
subhashita-beginner	наложил	бывает наделен		empty			
subhashita-beginner	направил	Шри		empty			
subhashita-beginner	наслаждайся	пища		empty			
subhashita-beginner	насытиться	удовлетворение		empty			
subhashita-beginner	находящаяся в стороне	равнодушный		empty			
subhashita-beginner	не	не		empty			
subhashita-beginner	не дожидаясь	не дожидаясь		empty			
subhashita-beginner	не удовлетворив			empty			
subhashita-beginner	не-артха	не-артха		empty			
subhashita-beginner	небесные	небесные		empty			
subhashita-beginner	неблагодарный			empty			
subhashita-beginner	невечен	невечно		empty			
subhashita-beginner	нежноголосая	голоса		empty			
subhashita-beginner	немые	немые		empty			
subhashita-beginner	необычно			empty			
subhashita-beginner	неодолимый			empty			
subhashita-beginner	неподвижное	неподвижное		empty			
subhashita-beginner	неприятное	неприятное		empty			
subhashita-beginner	несчастье			empty			
subhashita-beginner	неусыпной			empty			
subhashita-beginner	никогда	никогда		empty			
subhashita-beginner	нищие			empty			
subhashita-beginner	ногами	след		empty			
subhashita-beginner	нравится	привыкший		empty			
subhashita-beginner	о			empty			
subhashita-beginner	оба	оба		empty			
subhashita-beginner	обидчики			empty			
subhashita-beginner	обитель	обитель		empty			
subhashita-beginner	облака	облако		empty			
subhashita-beginner	обретает	обретает		empty			
subhashita-beginner	объятие			empty			
subhashita-beginner	ограничение			empty			
subhashita-beginner	окажу помощь			empty			
subhashita-beginner	океан	с океаном		empty			
subhashita-beginner	окруженный	выбирает		empty			
subhashita-beginner	окружив	принятие		empty			
subhashita-beginner	омывшись	омывшись		empty			
subhashita-beginner	он	его		empty			
subhashita-beginner	оружие	оружие		empty			
subhashita-beginner	освобождается			empty			
subhashita-beginner	освобожденный	освобожденное		empty			
subhashita-beginner	осеней	осенью		empty			
subhashita-beginner	оставив			empty			
subhashita-beginner	отврати	кто		empty			
subhashita-beginner	отдай	дает		empty			
subhashita-beginner	отец	отец		empty			
subhashita-beginner	относятся	вращаются		empty			
subhashita-beginner	отправился	ушел		empty			
subhashita-beginner	отряхнулся	сверкает		empty			
subhashita-beginner	охраняемый	охраняемый		empty			
subhashita-beginner	павлинов			empty			
subhashita-beginner	перевоплощается	в сансаре		empty			
subhashita-beginner	перегоняя друг друга	из соперничества		empty			
subhashita-beginner	племен	входят		empty			
subhashita-beginner	по			empty			
subhashita-beginner	победить	от рождения		empty			
subhashita-beginner	погибли			empty			
subhashita-beginner	погибнет			empty			
subhashita-beginner	поглощается	перешагивать		empty			
subhashita-beginner	подняв	напряжением сил		empty			
subhashita-beginner	подобает			empty			
subhashita-beginner	поедает	начало		empty			
subhashita-beginner	поиски помощи	Саншрая		empty			
subhashita-beginner	попрекает	презрение		empty			
subhashita-beginner	попросил	просят		empty			
subhashita-beginner	посеяно	или		empty			
subhashita-beginner	последовательность	постепенно		empty			
subhashita-beginner	послушание	послушанием		empty			
subhashita-beginner	посовещавшись	совет		empty			
subhashita-beginner	потомство	потомство		empty			
subhashita-beginner	почва	кто		empty			
subhashita-beginner	почитают	почитает		empty			
subhashita-beginner	почтительно	смиренно		empty			
subhashita-beginner	поэт	поэт		empty			
subhashita-beginner	поэтому	поэтому		empty			
subhashita-beginner	правильно	она		empty			
subhashita-beginner	пребывает	стоят		empty			
subhashita-beginner	превосходит	особенно		empty			
subhashita-beginner	прибегаю			empty			
subhashita-beginner	приближающегося	срок жизни		empty			
subhashita-beginner	привлекут	происхождение		empty			
subhashita-beginner	привязанный	привязанность		empty			
subhashita-beginner	призывом			empty			
subhashita-beginner	прими			empty			
subhashita-beginner	принеси	жена		empty			
subhashita-beginner	приносить	помогают		empty			
subhashita-beginner	принял	принять		empty			
subhashita-beginner	приплясывая			empty			
subhashita-beginner	причина	причина		empty			
subhashita-beginner	пришел			empty			
subhashita-beginner	произнося			empty			
subhashita-beginner	происходила	поведение		empty			
subhashita-beginner	проклял	проклинает		empty			
subhashita-beginner	пронзил	при разрывании		empty			
subhashita-beginner	просим	который		empty			
subhashita-beginner	прославленный			empty			
subhashita-beginner	простить	терпеливый		empty			
subhashita-beginner	противодействовать			empty			
subhashita-beginner	протянулся	эти		empty			
subhashita-beginner	пути			empty			
subhashita-beginner	путь	пути		empty			
subhashita-beginner	пчелы			empty			
subhashita-beginner	пьянящего	Мадира		empty			
subhashita-beginner	пять-шесть			empty			
subhashita-beginner	равнодушия			empty			
subhashita-beginner	радуются			empty			
subhashita-beginner	разгневался	гневались		empty			
subhashita-beginner	разгневанный	гневайся		empty			
subhashita-beginner	различные	различные		empty			
subhashita-beginner	раскрывающийся			empty			
subhashita-beginner	расположились	проник		empty			
subhashita-beginner	река	река		empty			
subhashita-beginner	решив	определенно		empty			
subhashita-beginner	род	в роду		empty			
subhashita-beginner	родила	свою		empty			
subhashita-beginner	родился	в рожденном		empty			
subhashita-beginner	родственники	родственников		empty			
subhashita-beginner	рождение	рождение		empty			
subhashita-beginner	руки	в руках		empty			
subhashita-beginner	с	с		empty			
subhashita-beginner	с бритой головой			empty			
subhashita-beginner	самана	общем		empty			
subhashita-beginner	самая последняя			empty			
subhashita-beginner	сандалом	сандаловой мазью		empty			
subhashita-beginner	сверкает	царь		empty			
subhashita-beginner	свой	свой		empty			
subhashita-beginner	свой долг	своей дхарме		empty			
subhashita-beginner	связано	не		empty			
subhashita-beginner	связь			empty			
subhashita-beginner	сделал	дела		empty			
subhashita-beginner	сегодня	сегодня		empty			
subhashita-beginner	семя	семя		empty			
subhashita-beginner	сердце	в сердце		empty			
subhashita-beginner	сестра			empty			
subhashita-beginner	сжигает	сгорела		empty			
subhashita-beginner	скажи	наставлению		empty			
subhashita-beginner	сказал			empty			
subhashita-beginner	склоняется	сгибают		empty			
subhashita-beginner	скорбит	скорбит		empty			
subhashita-beginner	слабый	подавленным		empty			
subhashita-beginner	слава	в славе		empty			
subhashita-beginner	сладкую	сладкую		empty			
subhashita-beginner	слепцу			empty			
subhashita-beginner	служит	служением		empty			
subhashita-beginner	смеясь			empty			
subhashita-beginner	смилуйся	очищается		empty			
subhashita-beginner	снова	снова		empty			
subhashita-beginner	совершай	совершает		empty			
subhashita-beginner	совершил			empty			
subhashita-beginner	согласно правилу	согласно правилу		empty			
subhashita-beginner	соединившись	сочетается		empty			
subhashita-beginner	созревание			empty			
subhashita-beginner	сосредоточить	сосредоточить		empty			
subhashita-beginner	сотворил	творение		empty			
subhashita-beginner	союзником	запряженной		empty			
subhashita-beginner	спит	уснувшего		empty			
subhashita-beginner	способен	возможно		empty			
subhashita-beginner	стареет	старость		empty			
subhashita-beginner	сто			empty			
subhashita-beginner	стороны	месте		empty			
subhashita-beginner	страдают	слабости		empty			
subhashita-beginner	стремится	проведем		empty			
subhashita-beginner	стыдливая			empty			
subhashita-beginner	счастлив	счастье		empty			
subhashita-beginner	считаю	ум		empty			
subhashita-beginner	сын	сыном		empty			
subhashita-beginner	так	так		empty			
subhashita-beginner	также	также		empty			
subhashita-beginner	такое	такое		empty			
subhashita-beginner	такой	против		empty			
subhashita-beginner	там	там		empty			
subhashita-beginner	тело	телом		empty			
subhashita-beginner	тиртхе	тиртхе		empty			
subhashita-beginner	только	только		empty			
subhashita-beginner	тонкие	тонкое		empty			
subhashita-beginner	трава			empty			
subhashita-beginner	третий	третья		empty			
subhashita-beginner	три	трех		empty			
subhashita-beginner	тщетными	напрасными		empty			
subhashita-beginner	ты	в тебе		empty			
subhashita-beginner	тысяч	тысячи		empty			
subhashita-beginner	у кого побежденные привязанности и пороки	вечером		empty			
subhashita-beginner	убит	убивается		empty			
subhashita-beginner	увидев	видны		empty			
subhashita-beginner	увлеченная, любовно танцует	враги		empty			
subhashita-beginner	увы	увы		empty			
subhashita-beginner	уединенном			empty			
subhashita-beginner	ум	мыслью		empty			
subhashita-beginner	умирает	смерть		empty			
subhashita-beginner	упал			empty			
subhashita-beginner	употребляется			empty			
subhashita-beginner	упражняется	навыкомъ		empty			
subhashita-beginner	услышав	слышит		empty			
subhashita-beginner	устанавливается	будут действенными		empty			
subhashita-beginner	ученик	ученик		empty			
subhashita-beginner	ученость			empty			
subhashita-beginner	функция			empty			
subhashita-beginner	хорошо	добродетельные		empty			
subhashita-beginner	хочу	считается		empty			
subhashita-beginner	хуже	затмивший		empty			
subhashita-beginner	цари	царям		empty			
subhashita-beginner	царь			empty			
subhashita-beginner	царь зверей	царь зверей		empty			
subhashita-beginner	цветами	доброжелательны		empty			
subhashita-beginner	целует			empty			
subhashita-beginner	человек	люди		empty			
subhashita-beginner	через	через		empty			
subhashita-beginner	четыре	четыре		empty			
subhashita-beginner	чистый	очищение		empty			
subhashita-beginner	читает			empty			
subhashita-beginner	что	которого		empty			
subhashita-beginner	чувства	чувства		empty			
subhashita-beginner	шастры	наставления		empty			
subhashita-beginner	шкуры	шкуры лани		empty			
subhashita-beginner	шпионов			empty			
subhashita-beginner	щеки	щеки		empty			
subhashita-beginner	эти	тебе		empty			
subhashita-beginner	это	это		empty			
subhashita-beginner	я	от меня		empty			
subhashita-beginner	язык	язык		empty			
