rank	root_iast	root_devanagari	dcs_lemma	grammar_class	attested_count	coverage_pct	top_form	gloss_ru	source
1	1 kṛ / 2 kṛ / 3 kṛ	कृ	kṛ	1,2,6	40799	7.4241	kṛtvā	сделать	kosha/roots_frequency.json (H950) x WhitneyRoots/crosswalk/ru_root_glosses.tsv (H347)
2	bhū	भू	bhū	1	40393	14.7743	bhavati	быть	kosha/roots_frequency.json (H950) x WhitneyRoots/crosswalk/ru_root_glosses.tsv (H347)
3	1 as / 2 as	अस्	as	2,4	35753	21.2802	syāt	есть	kosha/roots_frequency.json (H950) x WhitneyRoots/crosswalk/ru_root_glosses.tsv (H347)
4	vac	वच्	vac	2	33948	27.4576	uvāca	сказать	kosha/roots_frequency.json (H950) x WhitneyRoots/crosswalk/ru_root_glosses.tsv (H347)
5	gach / gam	गम्	gam	6	18341	30.7951	gatvā	прийти	kosha/roots_frequency.json (H950) x WhitneyRoots/crosswalk/ru_root_glosses.tsv (H347)
6	dṛś	दृश्	dṛś	4	14866	33.5002	dṛṣṭvā	увидеть	kosha/roots_frequency.json (H950) x WhitneyRoots/crosswalk/ru_root_glosses.tsv (H347)
7	1 dā / 2 dā / 3 dā / 4 dā	दा	dā	1,4	12008	35.6853	dattvā	взять	kosha/roots_frequency.json (H950) x WhitneyRoots/crosswalk/ru_root_glosses.tsv (H347)
8	1 vid / 2 vid	विद्	vid	1,2	11314	37.744	veda	знать	kosha/roots_frequency.json (H950) x WhitneyRoots/crosswalk/ru_root_glosses.tsv (H347)
9	śru	श्रु	śru	4	10505	39.6556	śrutvā	услышать	kosha/roots_frequency.json (H950) x WhitneyRoots/crosswalk/ru_root_glosses.tsv (H347)
10	brū	ब्रू	brū	6	9781	41.4354	abravīt	сказать	kosha/roots_frequency.json (H950) x WhitneyRoots/crosswalk/ru_root_glosses.tsv (H347)
11	ah	अह्	ah	1	9447	43.1545	āha	сказать	kosha/roots_frequency.json (H950) x WhitneyRoots/crosswalk/ru_root_glosses.tsv (H347)
12	sthā	स्था	sthā	1	9268	44.841	sthitaḥ	пребывать	kosha/roots_frequency.json (H950) x WhitneyRoots/crosswalk/ru_root_glosses.tsv (H347)
13	jan	जन्	jan	4	9247	46.5236	jāyate	родиться	kosha/roots_frequency.json (H950) x WhitneyRoots/crosswalk/ru_root_glosses.tsv (H347)
14	han	हन्	han	8	8744	48.1147	hanti	убитый	kosha/roots_frequency.json (H950) x WhitneyRoots/crosswalk/ru_root_glosses.tsv (H347)
15	yaj	यज्	yaj	2	6755	49.3439	yajamānaḥ	жертвователь	kosha/roots_frequency.json (H950) x WhitneyRoots/crosswalk/ru_root_glosses.tsv (H347)
16	hu	हु	hu	3	6418	50.5118	juhoti	жертвовать	kosha/roots_frequency.json (H950) x WhitneyRoots/crosswalk/ru_root_glosses.tsv (H347)
17	yuj	युज्	yuj	1	5933	51.5914	yuktam	союзник	kosha/roots_frequency.json (H950) x WhitneyRoots/crosswalk/ru_root_glosses.tsv (H347)
18	yā	या	yā	2	5649	52.6193	yāti	идти	kosha/roots_frequency.json (H950) x WhitneyRoots/crosswalk/ru_root_glosses.tsv (H347)
19	1 pā / 2 pā / 3 pā	पा	pā	1,2,3	5393	53.6007	pibet	защищать	kosha/roots_frequency.json (H950) x WhitneyRoots/crosswalk/ru_root_glosses.tsv (H347)
20	jñā	ज्ञा	jñā	4	5041	54.518	jñātvā	знать	kosha/roots_frequency.json (H950) x WhitneyRoots/crosswalk/ru_root_glosses.tsv (H347)
21	1 iṣ / 2 iṣ / ich	इष्	iṣ	1,6	4842	55.3991	icchāmi	хотеть	kosha/roots_frequency.json (H950) x WhitneyRoots/crosswalk/ru_root_glosses.tsv (H347)
22	1 paś / 2 paś	पश्	paś	4	4732	56.2601	paśya	видеть	kosha/roots_frequency.json (H950) x WhitneyRoots/crosswalk/ru_root_glosses.tsv (H347)
23	man	मन्	man	1	4697	57.1148	manye	считать	kosha/roots_frequency.json (H950) x WhitneyRoots/crosswalk/ru_root_glosses.tsv (H347)
24	1 dhā / 2 dhā	धा	dhā	1,4	4694	57.969	dadhāti	вера	kosha/roots_frequency.json (H950) x WhitneyRoots/crosswalk/ru_root_glosses.tsv (H347)
25	smṛ	स्मृ	smṛ	1	4142	58.7227	smṛtaḥ	считаться	kosha/roots_frequency.json (H950) x WhitneyRoots/crosswalk/ru_root_glosses.tsv (H347)
26	1 ji / 2 ji	जि	ji	9	4082	59.4655	jita	Санджая	kosha/roots_frequency.json (H950) x WhitneyRoots/crosswalk/ru_root_glosses.tsv (H347)
27	car	चर्	car	1	4027	60.1983	carati	двигаться	kosha/roots_frequency.json (H950) x WhitneyRoots/crosswalk/ru_root_glosses.tsv (H347)
28	vad	वद्	vad	1	3914	60.9105	vadanti	говорить	kosha/roots_frequency.json (H950) x WhitneyRoots/crosswalk/ru_root_glosses.tsv (H347)
29	muc	मुच्	muc	6	3850	61.6111	mucyate	освобождаться	kosha/roots_frequency.json (H950) x WhitneyRoots/crosswalk/ru_root_glosses.tsv (H347)
30	1 i / 2 i	इ	i	5,9	3673	62.2794	eti	идти	kosha/roots_frequency.json (H950) x WhitneyRoots/crosswalk/ru_root_glosses.tsv (H347)
31	labh	लभ्	labh	1	3345	62.8881	labhate	обретать	kosha/roots_frequency.json (H950) x WhitneyRoots/crosswalk/ru_root_glosses.tsv (H347)
32	1 pat / 2 pat	पत्	pat	1	3123	63.4564	papāta	упасть	kosha/roots_frequency.json (H950) x WhitneyRoots/crosswalk/ru_root_glosses.tsv (H347)
34	1 hṛ / 2 hṛ / har	हृ	hṛ	2,9	2792	64.4832	harati	похитить	kosha/roots_frequency.json (H950) x WhitneyRoots/crosswalk/ru_root_glosses.tsv (H347)
35	sṛj	सृज्	sṛj	2	2749	64.9835	asṛjata	выпустить	kosha/roots_frequency.json (H950) x WhitneyRoots/crosswalk/ru_root_glosses.tsv (H347)
36	1 hā / 2 hā	हा	hā	1,3	2739	65.4819	hīna	оставить	kosha/roots_frequency.json (H950) x WhitneyRoots/crosswalk/ru_root_glosses.tsv (H347)
37	1 bhuj / 2 bhuj	भुज्	bhuj	6	2725	65.9777	bhuktvā	наслаждаться	kosha/roots_frequency.json (H950) x WhitneyRoots/crosswalk/ru_root_glosses.tsv (H347)
38	bandh	बन्ध्	bandh	4	2654	66.4607	baddhvā	связываться	kosha/roots_frequency.json (H950) x WhitneyRoots/crosswalk/ru_root_glosses.tsv (H347)
39	1 mṛ / 2 mṛ	मृ	mṛ	4,9	2615	66.9365	mṛta	умирать	kosha/roots_frequency.json (H950) x WhitneyRoots/crosswalk/ru_root_glosses.tsv (H347)
40	1 vas / 2 vas / 3 vas	वस्	vas	1,2,6	2538	67.3984	vaset	жить	kosha/roots_frequency.json (H950) x WhitneyRoots/crosswalk/ru_root_glosses.tsv (H347)
41	vṛt	वृत्	vṛt	3	2479	67.8495	vartate	возвращаться	kosha/roots_frequency.json (H950) x WhitneyRoots/crosswalk/ru_root_glosses.tsv (H347)
42	kṣip	क्षिप्	kṣip	6	2461	68.2973	kṣipet	метнуть	kosha/roots_frequency.json (H950) x WhitneyRoots/crosswalk/ru_root_glosses.tsv (H347)
43	tyaj	त्यज्	tyaj	3	2417	68.7371	tyaktvā	оставить	kosha/roots_frequency.json (H950) x WhitneyRoots/crosswalk/ru_root_glosses.tsv (H347)
44	śudh	शुध्	śudh	7	2410	69.1756	śuddha	очищаться	kosha/roots_frequency.json (H950) x WhitneyRoots/crosswalk/ru_root_glosses.tsv (H347)
45	arh	अर्ह्	arh	1	2380	69.6087	arhasi	должен	kosha/roots_frequency.json (H950) x WhitneyRoots/crosswalk/ru_root_glosses.tsv (H347)
46	nī	नी	nī	2	2350	70.0363	nayet	привести	kosha/roots_frequency.json (H950) x WhitneyRoots/crosswalk/ru_root_glosses.tsv (H347)
47	āp	आप्	āp	1	2314	70.4574	āpnoti	достигать	kosha/roots_frequency.json (H950) x WhitneyRoots/crosswalk/ru_root_glosses.tsv (H347)
48	dah	दह्	dah	2	2275	70.8714	dagdha	сжигать	kosha/roots_frequency.json (H950) x WhitneyRoots/crosswalk/ru_root_glosses.tsv (H347)
49	jīv	जीव्	jīv	1	2222	71.2757	jīvati	жить	kosha/roots_frequency.json (H950) x WhitneyRoots/crosswalk/ru_root_glosses.tsv (H347)
50	1 stu / 2 stu	स्तु	stu	1	2204	71.6768	stuvanti	восхвалять	kosha/roots_frequency.json (H950) x WhitneyRoots/crosswalk/ru_root_glosses.tsv (H347)
51	pū	पू	pū	1	2162	72.0702	pavasva	Павамана	kosha/roots_frequency.json (H950) x WhitneyRoots/crosswalk/ru_root_glosses.tsv (H347)
52	chid	छिद्	chid	1	2139	72.4594	cicheda	рассечь	kosha/roots_frequency.json (H950) x WhitneyRoots/crosswalk/ru_root_glosses.tsv (H347)
53	1 vṛ / 2 vṛ	वृ	vṛ	1,5	2083	72.8385	vṛtaḥ	окруженный	kosha/roots_frequency.json (H950) x WhitneyRoots/crosswalk/ru_root_glosses.tsv (H347)
54	tap	तप्	tap	4	2065	73.2142	tapta	греть	kosha/roots_frequency.json (H950) x WhitneyRoots/crosswalk/ru_root_glosses.tsv (H347)
55	pac	पच्	pac	1	2058	73.5887	pacet	переваривать	kosha/roots_frequency.json (H950) x WhitneyRoots/crosswalk/ru_root_glosses.tsv (H347)
56	bhid	भिद्	bhid	3	2047	73.9612	bhinna	разбитый	kosha/roots_frequency.json (H950) x WhitneyRoots/crosswalk/ru_root_glosses.tsv (H347)
57	1 sidh / 2 sidh	सिध्	sidh	1,4	2028	74.3302	siddham	устанавливаться	kosha/roots_frequency.json (H950) x WhitneyRoots/crosswalk/ru_root_glosses.tsv (H347)
58	ās	आस्	ās	1,2,4	1955	74.686	āste	почитать	kosha/roots_frequency.json (H950) x WhitneyRoots/crosswalk/ru_root_glosses.tsv (H347)
59	śak	शक्	śak	4	1952	75.0412	śakyate	способный	kosha/roots_frequency.json (H950) x WhitneyRoots/crosswalk/ru_root_glosses.tsv (H347)
60	1 aś / 2 aś	अश्	aś	1	1948	75.3956	aśnute	достигнуть	kosha/roots_frequency.json (H950) x WhitneyRoots/crosswalk/ru_root_glosses.tsv (H347)
61	rakṣ	रक्ष्	rakṣ	4	1929	75.7467	rakṣa	охранять	kosha/roots_frequency.json (H950) x WhitneyRoots/crosswalk/ru_root_glosses.tsv (H347)
62	1 gā / 2 gā	गा	gā	2,4	1911	76.0944	gāyati	прийти	kosha/roots_frequency.json (H950) x WhitneyRoots/crosswalk/ru_root_glosses.tsv (H347)
63	vah / vāh	वह्	vah	2	1845	76.4301	vahanti	привезти	kosha/roots_frequency.json (H950) x WhitneyRoots/crosswalk/ru_root_glosses.tsv (H347)
64	bhṛ	भृ	bhṛ	1	1822	76.7617	bibharti	принести	kosha/roots_frequency.json (H950) x WhitneyRoots/crosswalk/ru_root_glosses.tsv (H347)
65	śaṃs	शंस्	śaṃs	2	1785	77.0865	śaṃsati	сказать	kosha/roots_frequency.json (H950) x WhitneyRoots/crosswalk/ru_root_glosses.tsv (H347)
66	prī	प्री	prī	9	1770	77.4086	prītaḥ	довольный	kosha/roots_frequency.json (H950) x WhitneyRoots/crosswalk/ru_root_glosses.tsv (H347)
67	jap	जप्	jap	4	1702	77.7183	japet	знатоков гимнов	kosha/roots_frequency.json (H950) x WhitneyRoots/crosswalk/ru_root_glosses.tsv (H347)
68	krudh	क्रुध्	krudh	4	1659	78.0202	kruddho	разгневанный	kosha/roots_frequency.json (H950) x WhitneyRoots/crosswalk/ru_root_glosses.tsv (H347)
69	snā	स्ना	snā	4	1648	78.32	snātvā	омыться	kosha/roots_frequency.json (H950) x WhitneyRoots/crosswalk/ru_root_glosses.tsv (H347)
70	vyadh	व्यध्	vyadh	4	1636	78.6177	vivyādha	пронзить	kosha/roots_frequency.json (H950) x WhitneyRoots/crosswalk/ru_root_glosses.tsv (H347)
71	vṛdh	वृध्	vṛdh	6	1619	78.9123	vardhate	возрастать	kosha/roots_frequency.json (H950) x WhitneyRoots/crosswalk/ru_root_glosses.tsv (H347)
72	ram	रम्	ram	4	1553	79.1949	rataḥ	радоваться	kosha/roots_frequency.json (H950) x WhitneyRoots/crosswalk/ru_root_glosses.tsv (H347)
73	bhāṣ	भाष्	bhāṣ	1	1532	79.4737	abhāṣata	сказать	kosha/roots_frequency.json (H950) x WhitneyRoots/crosswalk/ru_root_glosses.tsv (H347)
74	1 pṛ / 2 pṛ / 3 pṛ	पृ	pṛ	1,5	1512	79.7488	pūrṇa	полный	kosha/roots_frequency.json (H950) x WhitneyRoots/crosswalk/ru_root_glosses.tsv (H347)
75	1 naś / 2 naś	नश्	naś	1	1418	80.0069	naṣṭa	погибнуть	kosha/roots_frequency.json (H950) x WhitneyRoots/crosswalk/ru_root_glosses.tsv (H347)
76	1 jṛ / 2 jṛ	जृ	jṛ	1,6	1414	80.2642	jīrṇe	стареть	kosha/roots_frequency.json (H950) x WhitneyRoots/crosswalk/ru_root_glosses.tsv (H347)
77	bhī	भी	bhī	1	1384	80.516	bhītā	в страхе	kosha/roots_frequency.json (H950) x WhitneyRoots/crosswalk/ru_root_glosses.tsv (H347)
78	dviṣ	द्विष्	dviṣ	1	1343	80.7604	dveṣṭi	ненавидеть	kosha/roots_frequency.json (H950) x WhitneyRoots/crosswalk/ru_root_glosses.tsv (H347)
79	sev	सेव्	sev	4	1328	81.0021	seveta	служить	kosha/roots_frequency.json (H950) x WhitneyRoots/crosswalk/ru_root_glosses.tsv (H347)
80	yudh	युध्	yudh	2	1267	81.2326	yudhyasva	в битве	kosha/roots_frequency.json (H950) x WhitneyRoots/crosswalk/ru_root_glosses.tsv (H347)
81	vadh	वध्	vadh	4	1236	81.4575	vadhyaḥ	убить	kosha/roots_frequency.json (H950) x WhitneyRoots/crosswalk/ru_root_glosses.tsv (H347)
82	dhṛ	धृ	dhṛ	4	1229	81.6812	dhṛta	наделенный	kosha/roots_frequency.json (H950) x WhitneyRoots/crosswalk/ru_root_glosses.tsv (H347)
83	juṣ	जुष्	juṣ	6	1226	81.9043	juṣṭaṃ	наслаждаться	kosha/roots_frequency.json (H950) x WhitneyRoots/crosswalk/ru_root_glosses.tsv (H347)
84	vraj	व्रज्	vraj	1	1202	82.123	vrajet	загон	kosha/roots_frequency.json (H950) x WhitneyRoots/crosswalk/ru_root_glosses.tsv (H347)
85	1 kṣi / 2 kṣi	क्षि	kṣi	4	1181	82.3379	kṣīṇa	жить	kosha/roots_frequency.json (H950) x WhitneyRoots/crosswalk/ru_root_glosses.tsv (H347)
86	bhaj	भज्	bhaj	1	1164	82.5497	bhajet	почитать	kosha/roots_frequency.json (H950) x WhitneyRoots/crosswalk/ru_root_glosses.tsv (H347)
87	dhyā	ध्या	dhyā	3	1164	82.7615	dhyātvā	сумерки	kosha/roots_frequency.json (H950) x WhitneyRoots/crosswalk/ru_root_glosses.tsv (H347)
88	dham	धम्	dham	1	1162	82.9729	dhamet	затрубить	kosha/roots_frequency.json (H950) x WhitneyRoots/crosswalk/ru_root_glosses.tsv (H347)
89	dīp	दीप्	dīp	4	1162	83.1844	dīpta	пылающий	kosha/roots_frequency.json (H950) x WhitneyRoots/crosswalk/ru_root_glosses.tsv (H347)
90	1 śam / 2 śam / 3 śam	शम्	śam	9	1159	83.3953	śānta	счастье	kosha/roots_frequency.json (H950) x WhitneyRoots/crosswalk/ru_root_glosses.tsv (H347)
91	hṛṣ	हृष्	hṛṣ	1	1147	83.604	hṛṣṭa	радостно	kosha/roots_frequency.json (H950) x WhitneyRoots/crosswalk/ru_root_glosses.tsv (H347)
92	budh	बुध्	budh	1	1118	83.8074	buddhvā	узнать	kosha/roots_frequency.json (H950) x WhitneyRoots/crosswalk/ru_root_glosses.tsv (H347)
93	1 śī / 2 śī	शी	śī	4	1116	84.0105	śete	лежать	kosha/roots_frequency.json (H950) x WhitneyRoots/crosswalk/ru_root_glosses.tsv (H347)
94	muh	मुह्	muh	4	1103	84.2112	mūḍha	глупец	kosha/roots_frequency.json (H950) x WhitneyRoots/crosswalk/ru_root_glosses.tsv (H347)
95	svap	स्वप्	svap	1	1100	84.4114	supta	спать	kosha/roots_frequency.json (H950) x WhitneyRoots/crosswalk/ru_root_glosses.tsv (H347)
96	yach / yam	यम्	yam	6	1093	84.6103	yaccha	поднять	kosha/roots_frequency.json (H950) x WhitneyRoots/crosswalk/ru_root_glosses.tsv (H347)
97	mad	मद्	mad	3	1085	84.8077	matta	я	kosha/roots_frequency.json (H950) x WhitneyRoots/crosswalk/ru_root_glosses.tsv (H347)
98	dru	द्रु	dru	9	1073	85.003	drutaṃ	ринуться	kosha/roots_frequency.json (H950) x WhitneyRoots/crosswalk/ru_root_glosses.tsv (H347)
99	piṣ	पिष्	piṣ	1	1062	85.1962	piṣṭvā	сжимать	kosha/roots_frequency.json (H950) x WhitneyRoots/crosswalk/ru_root_glosses.tsv (H347)
100	spṛś	स्पृश्	spṛś	6	1059	85.3889	spṛṣṭvā	коснуться	kosha/roots_frequency.json (H950) x WhitneyRoots/crosswalk/ru_root_glosses.tsv (H347)
101	viś	विश्	viś	3	1053	85.5805	viveśa	войти	kosha/roots_frequency.json (H950) x WhitneyRoots/crosswalk/ru_root_glosses.tsv (H347)
102	sad	सद्	sad	6	953	85.754	sīda	усесться	kosha/roots_frequency.json (H950) x WhitneyRoots/crosswalk/ru_root_glosses.tsv (H347)
103	1 rudh / 2 rudh	रुध्	rudh	1	892	85.9163	ruddhvā	приобретать	kosha/roots_frequency.json (H950) x WhitneyRoots/crosswalk/ru_root_glosses.tsv (H347)
104	su	सु	su	6	878	86.076	sutam	выжимающий	kosha/roots_frequency.json (H950) x WhitneyRoots/crosswalk/ru_root_glosses.tsv (H347)
105	av	अव्	av	1	867	86.2338	avatu	на помощь	kosha/roots_frequency.json (H950) x WhitneyRoots/crosswalk/ru_root_glosses.tsv (H347)
106	tṛ	तृ	tṛ	3	862	86.3907	tarati	сойти	kosha/roots_frequency.json (H950) x WhitneyRoots/crosswalk/ru_root_glosses.tsv (H347)
107	dīkṣ	दीक्ष्	dīkṣ	1	855	86.5462	dīkṣitaḥ	видеть	kosha/roots_frequency.json (H950) x WhitneyRoots/crosswalk/ru_root_glosses.tsv (H347)
108	tuṣ	तुष्	tuṣ	4	840	86.6991	tuṣṭaḥ	довольный	kosha/roots_frequency.json (H950) x WhitneyRoots/crosswalk/ru_root_glosses.tsv (H347)
109	duṣ	दुष्	duṣ	4	829	86.8499	duṣṭa	развращаться	kosha/roots_frequency.json (H950) x WhitneyRoots/crosswalk/ru_root_glosses.tsv (H347)
110	jval	ज्वल्	jval	1	827	87.0004	jvalita	пылающий	kosha/roots_frequency.json (H950) x WhitneyRoots/crosswalk/ru_root_glosses.tsv (H347)
111	duh	दुह्	duh	1	806	87.1471	duhe	доиться	kosha/roots_frequency.json (H950) x WhitneyRoots/crosswalk/ru_root_glosses.tsv (H347)
112	sah	सह्	sah	1	791	87.291	sahate	мочь	kosha/roots_frequency.json (H950) x WhitneyRoots/crosswalk/ru_root_glosses.tsv (H347)
113	hiṃs	हिंस्	hiṃs	7	788	87.4344	hinasti	вредить	kosha/roots_frequency.json (H950) x WhitneyRoots/crosswalk/ru_root_glosses.tsv (H347)
114	lip	लिप्	lip	4	778	87.576	liptvā	пятнаться	kosha/roots_frequency.json (H950) x WhitneyRoots/crosswalk/ru_root_glosses.tsv (H347)
115	khyā	ख्या	khyā	4	777	87.7174	khyātaṃ	в битве	kosha/roots_frequency.json (H950) x WhitneyRoots/crosswalk/ru_root_glosses.tsv (H347)
116	śuc	शुच्	śuc	6	777	87.8588	śocati	скорбеть	kosha/roots_frequency.json (H950) x WhitneyRoots/crosswalk/ru_root_glosses.tsv (H347)
117	vī	वी	vī	2	770	87.9989	vīta	птицы	kosha/roots_frequency.json (H950) x WhitneyRoots/crosswalk/ru_root_glosses.tsv (H347)
118	1 ci / 2 ci	चि	ci	1,3	763	88.1377	cinute	решить	kosha/roots_frequency.json (H950) x WhitneyRoots/crosswalk/ru_root_glosses.tsv (H347)
119	yāc	याच्	yāc	1	755	88.2751	ayācata	попросить	kosha/roots_frequency.json (H950) x WhitneyRoots/crosswalk/ru_root_glosses.tsv (H347)
120	bhañj	भञ्ज्	bhañj	4	754	88.4123	bhagna	разбитый	kosha/roots_frequency.json (H950) x WhitneyRoots/crosswalk/ru_root_glosses.tsv (H347)
121	bhā	भा	bhā	2	741	88.5472	bhāti	казаться	kosha/roots_frequency.json (H950) x WhitneyRoots/crosswalk/ru_root_glosses.tsv (H347)
122	1 tan / 2 tan	तन्	tan	4,8	716	88.6774	tato	протянуться	kosha/roots_frequency.json (H950) x WhitneyRoots/crosswalk/ru_root_glosses.tsv (H347)
123	cyu	च्यु	cyu	1	715	88.8075	cyutaḥ	отпадать	kosha/roots_frequency.json (H950) x WhitneyRoots/crosswalk/ru_root_glosses.tsv (H347)
124	añj	अञ्ज्	añj	1	708	88.9364	anakti	мазать	kosha/roots_frequency.json (H950) x WhitneyRoots/crosswalk/ru_root_glosses.tsv (H347)
125	ad	अद्	ad	2	699	89.0636	atti	поедать	kosha/roots_frequency.json (H950) x WhitneyRoots/crosswalk/ru_root_glosses.tsv (H347)
126	tṛp	तृप्	tṛp	6	696	89.1902	tṛpyati	насытиться	kosha/roots_frequency.json (H950) x WhitneyRoots/crosswalk/ru_root_glosses.tsv (H347)
127	mṛd	मृद्	mṛd	6,9	692	89.3161	mardyaṃ	глины	kosha/roots_frequency.json (H950) x WhitneyRoots/crosswalk/ru_root_glosses.tsv (H347)
128	sic	सिच्	sic	4	687	89.4412	siñcati	подливать	kosha/roots_frequency.json (H950) x WhitneyRoots/crosswalk/ru_root_glosses.tsv (H347)
129	1 mā / 2 mā / 3 mā	मा	mā	3,4	680	89.5649	mitam	не	kosha/roots_frequency.json (H950) x WhitneyRoots/crosswalk/ru_root_glosses.tsv (H347)
130	rud	रुद्	rud	1	669	89.6866	rudatī	рыдать	kosha/roots_frequency.json (H950) x WhitneyRoots/crosswalk/ru_root_glosses.tsv (H347)
131	nam	नम्	nam	1	666	89.8078	nata	склоняться	kosha/roots_frequency.json (H950) x WhitneyRoots/crosswalk/ru_root_glosses.tsv (H347)
132	nind	निन्द्	nind	1	649	89.9259	ninditā	попрекать	kosha/roots_frequency.json (H950) x WhitneyRoots/crosswalk/ru_root_glosses.tsv (H347)
133	1 śrī / 2 śrī	श्री	śrī	4	644	90.0431	śṛtam	Шри	kosha/roots_frequency.json (H950) x WhitneyRoots/crosswalk/ru_root_glosses.tsv (H347)
134	vand	वन्द्	vand	1	632	90.1581	vanditvā	приветствовать	kosha/roots_frequency.json (H950) x WhitneyRoots/crosswalk/ru_root_glosses.tsv (H347)
135	mud	मुद्	mud	1	612	90.2695	modate	радости	kosha/roots_frequency.json (H950) x WhitneyRoots/crosswalk/ru_root_glosses.tsv (H347)
136	bhram	भ्रम्	bhram	4	592	90.3772	bhramati	блуждать	kosha/roots_frequency.json (H950) x WhitneyRoots/crosswalk/ru_root_glosses.tsv (H347)
137	1 dhāv / 2 dhāv	धाव्	dhāv	1,4	582	90.4831	dhāvati	ринуться	kosha/roots_frequency.json (H950) x WhitneyRoots/crosswalk/ru_root_glosses.tsv (H347)
138	path / paṭh	पठ्	paṭh	1	582	90.589	paṭhet	читать	kosha/roots_frequency.json (H950) x WhitneyRoots/crosswalk/ru_root_glosses.tsv (H347)
139	vṛṣ	वृष्	vṛṣ	6	580	90.6946	varṣati	окатить	kosha/roots_frequency.json (H950) x WhitneyRoots/crosswalk/ru_root_glosses.tsv (H347)
140	gup	गुप्	gup	1	563	90.797	guptam	охраняемый	kosha/roots_frequency.json (H950) x WhitneyRoots/crosswalk/ru_root_glosses.tsv (H347)
141	yat	यत्	yat	1	548	90.8967	yateta	стремиться	kosha/roots_frequency.json (H950) x WhitneyRoots/crosswalk/ru_root_glosses.tsv (H347)
142	śubh	शुभ्	śubh	6	547	90.9963	śuśubhe	блистать	kosha/roots_frequency.json (H950) x WhitneyRoots/crosswalk/ru_root_glosses.tsv (H347)
143	tvar	त्वर्	tvar	1	539	91.0943	tvaramāṇo	поспешно	kosha/roots_frequency.json (H950) x WhitneyRoots/crosswalk/ru_root_glosses.tsv (H347)
144	sru	स्रु	sru	1	538	91.1922	sravati	растекайся вокруг	kosha/roots_frequency.json (H950) x WhitneyRoots/crosswalk/ru_root_glosses.tsv (H347)
145	1 śās / 2 śās	शास्	śās	1	533	91.2892	śiṣṭa	править	kosha/roots_frequency.json (H950) x WhitneyRoots/crosswalk/ru_root_glosses.tsv (H347)
146	sū	सू	sū	6	532	91.386	suṣuve	родить	kosha/roots_frequency.json (H950) x WhitneyRoots/crosswalk/ru_root_glosses.tsv (H347)
147	kup	कुप्	kup	4	521	91.4808	kupito	разгневаться	kosha/roots_frequency.json (H950) x WhitneyRoots/crosswalk/ru_root_glosses.tsv (H347)
148	gras	ग्रस्	gras	1	519	91.5753	grasate	поглотить	kosha/roots_frequency.json (H950) x WhitneyRoots/crosswalk/ru_root_glosses.tsv (H347)
149	śā	शा	śā	4	519	91.6697	śitaiḥ	острый	kosha/roots_frequency.json (H950) x WhitneyRoots/crosswalk/ru_root_glosses.tsv (H347)
150	likh	लिख्	likh	6	509	91.7623	likhet	чертить	kosha/roots_frequency.json (H950) x WhitneyRoots/crosswalk/ru_root_glosses.tsv (H347)
151	ruc	रुच्	ruc	1	501	91.8535	rocate	нравиться	kosha/roots_frequency.json (H950) x WhitneyRoots/crosswalk/ru_root_glosses.tsv (H347)
152	krīḍ	क्रीड्	krīḍ	1	494	91.9434	krīḍate	играть	kosha/roots_frequency.json (H950) x WhitneyRoots/crosswalk/ru_root_glosses.tsv (H347)
153	cal	चल्	cal	1	491	92.0327	cacāla	последовать	kosha/roots_frequency.json (H950) x WhitneyRoots/crosswalk/ru_root_glosses.tsv (H347)
154	ruh	रुह्	ruh	1	487	92.1214	rohati	взойти	kosha/roots_frequency.json (H950) x WhitneyRoots/crosswalk/ru_root_glosses.tsv (H347)
155	śap	शप्	śap	1	484	92.2094	śaśāpa	проклясть	kosha/roots_frequency.json (H950) x WhitneyRoots/crosswalk/ru_root_glosses.tsv (H347)
156	math	मथ्	math	4,9	475	92.2959	mathitvā	похитить	kosha/roots_frequency.json (H950) x WhitneyRoots/crosswalk/ru_root_glosses.tsv (H347)
157	īkṣ	ईक्ष्	īkṣ	4	473	92.3819	aikṣata	увидеть	kosha/roots_frequency.json (H950) x WhitneyRoots/crosswalk/ru_root_glosses.tsv (H347)
158	guh	गुह्	guh	6	468	92.4671	gūḍha	скрытый	kosha/roots_frequency.json (H950) x WhitneyRoots/crosswalk/ru_root_glosses.tsv (H347)
159	gad	गद्	gad	1	466	92.5519	jagāda	сказать	kosha/roots_frequency.json (H950) x WhitneyRoots/crosswalk/ru_root_glosses.tsv (H347)
160	nad	नद्	nad	1	460	92.6356	nanāda	издать	kosha/roots_frequency.json (H950) x WhitneyRoots/crosswalk/ru_root_glosses.tsv (H347)
161	bādh	बाध्	bādh	1	456	92.7186	bādhate	прогнать	kosha/roots_frequency.json (H950) x WhitneyRoots/crosswalk/ru_root_glosses.tsv (H347)
162	śri	श्रि	śri	1	451	92.8006	śritaḥ	полагаться	kosha/roots_frequency.json (H950) x WhitneyRoots/crosswalk/ru_root_glosses.tsv (H347)
163	trā	त्रा	trā	2	445	92.8816	trāyasva	спасти	kosha/roots_frequency.json (H950) x WhitneyRoots/crosswalk/ru_root_glosses.tsv (H347)
164	krī	क्री	krī	1	439	92.9615	krīṇāti	купленный	kosha/roots_frequency.json (H950) x WhitneyRoots/crosswalk/ru_root_glosses.tsv (H347)
165	kṣam	क्षम्	kṣam	1	439	93.0414	kṣantum	простить	kosha/roots_frequency.json (H950) x WhitneyRoots/crosswalk/ru_root_glosses.tsv (H347)
166	puṣ	पुष्	puṣ	6	438	93.1211	puṣṭa	процветать	kosha/roots_frequency.json (H950) x WhitneyRoots/crosswalk/ru_root_glosses.tsv (H347)
167	īś	ईश्	īś	2	425	93.1984	īśe	властвовать	kosha/roots_frequency.json (H950) x WhitneyRoots/crosswalk/ru_root_glosses.tsv (H347)
168	has	हस्	has	1	419	93.2747	hasan	смеяться	kosha/roots_frequency.json (H950) x WhitneyRoots/crosswalk/ru_root_glosses.tsv (H347)
170	kram	क्रम्	kram	4	414	93.4261	kramate	выйти	kosha/roots_frequency.json (H950) x WhitneyRoots/crosswalk/ru_root_glosses.tsv (H347)
171	arc	अर्च्	arc	1	413	93.5012	arcata	почтить	kosha/roots_frequency.json (H950) x WhitneyRoots/crosswalk/ru_root_glosses.tsv (H347)
172	lih	लिह्	lih	4	405	93.5749	lihet	облизывать	kosha/roots_frequency.json (H950) x WhitneyRoots/crosswalk/ru_root_glosses.tsv (H347)
173	rāj	राज्	rāj	2	405	93.6486	rarāja	Вирадж	kosha/roots_frequency.json (H950) x WhitneyRoots/crosswalk/ru_root_glosses.tsv (H347)
174	1 gṛ / 2 gṛ / 3 gṛ	गृ	gṛ	9	399	93.7212	gṛṇanti	воспевать	kosha/roots_frequency.json (H950) x WhitneyRoots/crosswalk/ru_root_glosses.tsv (H347)
175	vyath	व्यथ्	vyath	1	397	93.7935	vyathate	отпрянуть	kosha/roots_frequency.json (H950) x WhitneyRoots/crosswalk/ru_root_glosses.tsv (H347)
176	ṛdh	ऋध्	ṛdh	6	392	93.8648	ṛdhnoti	процветающее	kosha/roots_frequency.json (H950) x WhitneyRoots/crosswalk/ru_root_glosses.tsv (H347)
177	śram	श्रम्	śram	1	382	93.9343	śrāntaḥ	отдохнуть	kosha/roots_frequency.json (H950) x WhitneyRoots/crosswalk/ru_root_glosses.tsv (H347)
178	khad / khād	खाद्	khād	1	369	94.0014	khādet	грызть	kosha/roots_frequency.json (H950) x WhitneyRoots/crosswalk/ru_root_glosses.tsv (H347)
179	svid	स्विद्	svid	4	369	94.0686	svinna	же	kosha/roots_frequency.json (H950) x WhitneyRoots/crosswalk/ru_root_glosses.tsv (H347)
180	prath	प्रथ्	prath	1	365	94.135	prathitaṃ	прославленный	kosha/roots_frequency.json (H950) x WhitneyRoots/crosswalk/ru_root_glosses.tsv (H347)
181	kṛṣ	कृष्	kṛṣ	6	360	94.2005	kṛṣṭa	натянуть	kosha/roots_frequency.json (H950) x WhitneyRoots/crosswalk/ru_root_glosses.tsv (H347)
182	sphur	स्फुर्	sphur	6	357	94.2655	sphurat	столкнуть	kosha/roots_frequency.json (H950) x WhitneyRoots/crosswalk/ru_root_glosses.tsv (H347)
183	nṛt	नृत्	nṛt	4	353	94.3297	nṛtyanti	плясать	kosha/roots_frequency.json (H950) x WhitneyRoots/crosswalk/ru_root_glosses.tsv (H347)
184	khan	खन्	khan	2	352	94.3938	khanati	вонзить	kosha/roots_frequency.json (H950) x WhitneyRoots/crosswalk/ru_root_glosses.tsv (H347)
185	iḍ / īḍ	ईड्	īḍ	2	352	94.4578	īḍe	достойный призывов	kosha/roots_frequency.json (H950) x WhitneyRoots/crosswalk/ru_root_glosses.tsv (H347)
186	mil	मिल्	mil	6	346	94.5208	milati	возвращаться	kosha/roots_frequency.json (H950) x WhitneyRoots/crosswalk/ru_root_glosses.tsv (H347)
187	śikṣ	शिक्ष्	śikṣ	6	345	94.5836	śikṣitavyam	стараться	kosha/roots_frequency.json (H950) x WhitneyRoots/crosswalk/ru_root_glosses.tsv (H347)
188	majj	मज्ज्	majj	1	343	94.646	majjati	погруженный	kosha/roots_frequency.json (H950) x WhitneyRoots/crosswalk/ru_root_glosses.tsv (H347)
189	dam	दम्	dam	4	342	94.7082	dānto	смиренный	kosha/roots_frequency.json (H950) x WhitneyRoots/crosswalk/ru_root_glosses.tsv (H347)
190	bhraṃś	भ्रंश्	bhraṃś	1	340	94.7701	bhraṣṭa	лишаться	kosha/roots_frequency.json (H950) x WhitneyRoots/crosswalk/ru_root_glosses.tsv (H347)
191	stṛ	स्तृ	stṛ	5	334	94.8309	stṛṇāti	швырнуть	kosha/roots_frequency.json (H950) x WhitneyRoots/crosswalk/ru_root_glosses.tsv (H347)
192	nud	नुद्	nud	7	332	94.8913	nudate	оттолкнуть	kosha/roots_frequency.json (H950) x WhitneyRoots/crosswalk/ru_root_glosses.tsv (H347)
193	lubh	लुभ्	lubh	4	325	94.9504	lubdhaḥ	жадный	kosha/roots_frequency.json (H950) x WhitneyRoots/crosswalk/ru_root_glosses.tsv (H347)
194	sac	सच्	sac	1	323	95.0092	sacante	следовать	kosha/roots_frequency.json (H950) x WhitneyRoots/crosswalk/ru_root_glosses.tsv (H347)
195	1 vap / 2 vap	वप्	vap	1	320	95.0674	vapati	сеять	kosha/roots_frequency.json (H950) x WhitneyRoots/crosswalk/ru_root_glosses.tsv (H347)
196	vaś	वश्	vaś	1	302	95.1224	uśanti	хотеть	kosha/roots_frequency.json (H950) x WhitneyRoots/crosswalk/ru_root_glosses.tsv (H347)
197	mṛj	मृज्	mṛj	3	298	95.1766	mṛṣṭa	начищать	kosha/roots_frequency.json (H950) x WhitneyRoots/crosswalk/ru_root_glosses.tsv (H347)
198	1 vā / 2 vā / 3 vā	वा	vā	2	298	95.2308	vāti	или	kosha/roots_frequency.json (H950) x WhitneyRoots/crosswalk/ru_root_glosses.tsv (H347)
199	plu	प्लु	plu	1	297	95.2849	plutam	соскочить	kosha/roots_frequency.json (H950) x WhitneyRoots/crosswalk/ru_root_glosses.tsv (H347)
200	daṃś	दंश्	daṃś	1	296	95.3387	daṣṭa	десятью	kosha/roots_frequency.json (H950) x WhitneyRoots/crosswalk/ru_root_glosses.tsv (H347)
201	stambh	स्तम्भ्	stambh	5	291	95.3917	stabdha	укрепить	kosha/roots_frequency.json (H950) x WhitneyRoots/crosswalk/ru_root_glosses.tsv (H347)
202	dāś	दाश्	dāś	5	290	95.4444	dāśuṣe	почитатель	kosha/roots_frequency.json (H950) x WhitneyRoots/crosswalk/ru_root_glosses.tsv (H347)
203	vṛj	वृज्	vṛj	7	283	95.4959	vṛṅkte	обойти	kosha/roots_frequency.json (H950) x WhitneyRoots/crosswalk/ru_root_glosses.tsv (H347)
204	1 śṛ / 2 śṛ / 3 śṛ	शृ	śṛ	9	278	95.5465	śīrṇa	разбить	kosha/roots_frequency.json (H950) x WhitneyRoots/crosswalk/ru_root_glosses.tsv (H347)
205	kṣan	क्षन्	kṣan	8	276	95.5968	kṣata	раненный	kosha/roots_frequency.json (H950) x WhitneyRoots/crosswalk/ru_root_glosses.tsv (H347)
206	dṛh	दृह्	dṛh	4	274	95.6466	dṛṃha	укрепить	kosha/roots_frequency.json (H950) x WhitneyRoots/crosswalk/ru_root_glosses.tsv (H347)
207	śaṅk	शङ्क्	śaṅk	1	273	95.6963	śaṅke	опасаться	kosha/roots_frequency.json (H950) x WhitneyRoots/crosswalk/ru_root_glosses.tsv (H347)
208	chad	छद्	chad	1	270	95.7454	channa	тайно	kosha/roots_frequency.json (H950) x WhitneyRoots/crosswalk/ru_root_glosses.tsv (H347)
209	1 lī / 2 lī	ली	lī	1	268	95.7942	līyate	растворяться	kosha/roots_frequency.json (H950) x WhitneyRoots/crosswalk/ru_root_glosses.tsv (H347)
210	tras	त्रस्	tras	4	267	95.8428	trastāḥ	перепуганные	kosha/roots_frequency.json (H950) x WhitneyRoots/crosswalk/ru_root_glosses.tsv (H347)
211	cit	चित्	cit	3	266	95.8912	cikitvān	даже	kosha/roots_frequency.json (H950) x WhitneyRoots/crosswalk/ru_root_glosses.tsv (H347)
212	riṣ	रिष्	riṣ	1	257	95.9379	riṣyati	терпит ущерб	kosha/roots_frequency.json (H950) x WhitneyRoots/crosswalk/ru_root_glosses.tsv (H347)
213	skand	स्कन्द्	skand	1	247	95.9829	skandati	истечь	kosha/roots_frequency.json (H950) x WhitneyRoots/crosswalk/ru_root_glosses.tsv (H347)
214	dhū	धू	dhū	2	245	96.0275	dhūta	дышло	kosha/roots_frequency.json (H950) x WhitneyRoots/crosswalk/ru_root_glosses.tsv (H347)
215	rādh	राध्	rādh	5	240	96.0711	rādhnoti	ты имел успех	kosha/roots_frequency.json (H950) x WhitneyRoots/crosswalk/ru_root_glosses.tsv (H347)
216	kruś	क्रुश्	kruś	4	238	96.1145	cukruśuḥ	взывать	kosha/roots_frequency.json (H950) x WhitneyRoots/crosswalk/ru_root_glosses.tsv (H347)
217	kamp	कम्प्	kamp	1	237	96.1576	akampata	колебаться	kosha/roots_frequency.json (H950) x WhitneyRoots/crosswalk/ru_root_glosses.tsv (H347)
218	kṣubh	क्षुभ्	kṣubh	1	236	96.2005	kṣubhita	взволноваться	kosha/roots_frequency.json (H950) x WhitneyRoots/crosswalk/ru_root_glosses.tsv (H347)
219	lag	लग्	lag	1	236	96.2435	lagnam	застрявшие	kosha/roots_frequency.json (H950) x WhitneyRoots/crosswalk/ru_root_glosses.tsv (H347)
220	smi	स्मि	smi	1	227	96.2848	smayann	улыбаться	kosha/roots_frequency.json (H950) x WhitneyRoots/crosswalk/ru_root_glosses.tsv (H347)
221	hi	हि	hi	5	224	96.3255	hinvanti	ведь	kosha/roots_frequency.json (H950) x WhitneyRoots/crosswalk/ru_root_glosses.tsv (H347)
222	vam	वम्	vam	1	223	96.3661	vamet	извергающие	kosha/roots_frequency.json (H950) x WhitneyRoots/crosswalk/ru_root_glosses.tsv (H347)
223	1 kṛt / 2 kṛt	कृत्	kṛt	2,6	220	96.4061	kṛtta	рассечь	kosha/roots_frequency.json (H950) x WhitneyRoots/crosswalk/ru_root_glosses.tsv (H347)
224	kṣar	क्षर्	kṣar	2	220	96.4462	kṣaranti	течь	kosha/roots_frequency.json (H950) x WhitneyRoots/crosswalk/ru_root_glosses.tsv (H347)
225	van	वन्	van	6	220	96.4862	vāvāna	добывать	kosha/roots_frequency.json (H950) x WhitneyRoots/crosswalk/ru_root_glosses.tsv (H347)
226	bhrāj	भ्राज्	bhrāj	1	219	96.5261	bhrājate	сверкающие	kosha/roots_frequency.json (H950) x WhitneyRoots/crosswalk/ru_root_glosses.tsv (H347)
227	1 rā / 2 rā	रा	rā	1,4	214	96.565	rāsva	дар	kosha/roots_frequency.json (H950) x WhitneyRoots/crosswalk/ru_root_glosses.tsv (H347)
228	kliś	क्लिश्	kliś	9	213	96.6038	kliṣṭa	подверглась оскорблениям	kosha/roots_frequency.json (H950) x WhitneyRoots/crosswalk/ru_root_glosses.tsv (H347)
229	gal	गल्	gal	1	212	96.6423	galita	утратившая	kosha/roots_frequency.json (H950) x WhitneyRoots/crosswalk/ru_root_glosses.tsv (H347)
230	1 vidh / 2 vidh	विध्	vidh	1,6	209	96.6804	vidhema	почтить	kosha/roots_frequency.json (H950) x WhitneyRoots/crosswalk/ru_root_glosses.tsv (H347)
231	ric	रिच्	ric	7	206	96.7179	rikta	превосходить	kosha/roots_frequency.json (H950) x WhitneyRoots/crosswalk/ru_root_glosses.tsv (H347)
232	sṛ	सृ	sṛ	3	204	96.755	sasāra	ушедший	kosha/roots_frequency.json (H950) x WhitneyRoots/crosswalk/ru_root_glosses.tsv (H347)
233	kāṅkṣ	काङ्क्ष्	kāṅkṣ	2	202	96.7917	kāṅkṣati	желать	kosha/roots_frequency.json (H950) x WhitneyRoots/crosswalk/ru_root_glosses.tsv (H347)
234	ceṣṭ	चेष्ट्	ceṣṭ	1	200	96.8281	ceṣṭitam	действовать	kosha/roots_frequency.json (H950) x WhitneyRoots/crosswalk/ru_root_glosses.tsv (H347)
235	1 yu / 2 yu	यु	yu	2,3	199	96.8643	yuvate	Аю	kosha/roots_frequency.json (H950) x WhitneyRoots/crosswalk/ru_root_glosses.tsv (H347)
236	san	सन्	san	8	196	96.9	sanitā	добывать	kosha/roots_frequency.json (H950) x WhitneyRoots/crosswalk/ru_root_glosses.tsv (H347)
237	śiṣ	शिष्	śiṣ	6	194	96.9353	śiṣyate	оставаться	kosha/roots_frequency.json (H950) x WhitneyRoots/crosswalk/ru_root_glosses.tsv (H347)
238	sṛp	सृप्	sṛp	1	192	96.9702	sarpanti	ползать	kosha/roots_frequency.json (H950) x WhitneyRoots/crosswalk/ru_root_glosses.tsv (H347)
239	ī	ई	ī		192	97.0052	īmahe	просить	kosha/roots_frequency.json (H950) x WhitneyRoots/crosswalk/ru_root_glosses.tsv (H347)
240	1 ukṣ / 2 ukṣ	उक्ष्	ukṣ	4	191	97.0399	ukṣitam	окропить	kosha/roots_frequency.json (H950) x WhitneyRoots/crosswalk/ru_root_glosses.tsv (H347)
241	mūrch	मूर्छ्	mūrch	1	189	97.0743	mūrta	воплощенный	kosha/roots_frequency.json (H950) x WhitneyRoots/crosswalk/ru_root_glosses.tsv (H347)
242	diś	दिश्	diś	6	186	97.1082	diśāmi	стороны света	kosha/roots_frequency.json (H950) x WhitneyRoots/crosswalk/ru_root_glosses.tsv (H347)
243	spṛdh	स्पृध्	spṛdh	6	186	97.142	aspardhanta	соперничать	kosha/roots_frequency.json (H950) x WhitneyRoots/crosswalk/ru_root_glosses.tsv (H347)
244	ślāgh	श्लाघ्	ślāgh	1	186	97.1759	ślāghyaḥ	достойного восхваления	kosha/roots_frequency.json (H950) x WhitneyRoots/crosswalk/ru_root_glosses.tsv (H347)
245	dih	दिह्	dih	2	185	97.2095	digdha	воплощенный	kosha/roots_frequency.json (H950) x WhitneyRoots/crosswalk/ru_root_glosses.tsv (H347)
246	garh	गर्ह्	garh	1	185	97.2432	garhitam	порицать	kosha/roots_frequency.json (H950) x WhitneyRoots/crosswalk/ru_root_glosses.tsv (H347)
247	krand	क्रन्द्	krand	1	183	97.2765	acikradat	взреветь	kosha/roots_frequency.json (H950) x WhitneyRoots/crosswalk/ru_root_glosses.tsv (H347)
248	pinv	पिन्व्	pinv	1	182	97.3096	pinvasva	набухать	kosha/roots_frequency.json (H950) x WhitneyRoots/crosswalk/ru_root_glosses.tsv (H347)
249	vāñch	वाञ्छ्	vāñch	1	180	97.3424	vāñchati	Да пожелают	kosha/roots_frequency.json (H950) x WhitneyRoots/crosswalk/ru_root_glosses.tsv (H347)
250	garj	गर्ज्	garj	1	179	97.3749	garjanti	шуметь	kosha/roots_frequency.json (H950) x WhitneyRoots/crosswalk/ru_root_glosses.tsv (H347)
251	edh	एध्	edh	1	172	97.4062	edhate	процветать	kosha/roots_frequency.json (H950) x WhitneyRoots/crosswalk/ru_root_glosses.tsv (H347)
252	1 śuṣ / 2 śuṣ	शुष्	śuṣ	6	166	97.4364	śuṣyati	пересыхать	kosha/roots_frequency.json (H950) x WhitneyRoots/crosswalk/ru_root_glosses.tsv (H347)
253	pyā	प्या	pyā	2	165	97.4665	pyāyasva	набухший	kosha/roots_frequency.json (H950) x WhitneyRoots/crosswalk/ru_root_glosses.tsv (H347)
254	bhakṣ	भक्ष्	bhakṣ	4	162	97.4959	bhakṣya	съесть	kosha/roots_frequency.json (H950) x WhitneyRoots/crosswalk/ru_root_glosses.tsv (H347)
255	muṣ	मुष्	muṣ	9	162	97.5254	muṣṇāti	отнять	kosha/roots_frequency.json (H950) x WhitneyRoots/crosswalk/ru_root_glosses.tsv (H347)
256	takṣ	तक्ष्	takṣ	5	161	97.5547	tatakṣa	вытесать	kosha/roots_frequency.json (H950) x WhitneyRoots/crosswalk/ru_root_glosses.tsv (H347)
257	spṛ	स्पृ	spṛ	9	160	97.5838	spṛṇoti	освободить	kosha/roots_frequency.json (H950) x WhitneyRoots/crosswalk/ru_root_glosses.tsv (H347)
258	ghṛṣ	घृष्	ghṛṣ	4	156	97.6122	ghṛṣṭaṃ	тереться	kosha/roots_frequency.json (H950) x WhitneyRoots/crosswalk/ru_root_glosses.tsv (H347)
259	vip	विप्	vip	1	156	97.6406	vepamānā	дрожать	kosha/roots_frequency.json (H950) x WhitneyRoots/crosswalk/ru_root_glosses.tsv (H347)
260	sphuṭ	स्फुट्	sphuṭ	6	154	97.6686	sphuṭita	рассечённый	kosha/roots_frequency.json (H950) x WhitneyRoots/crosswalk/ru_root_glosses.tsv (H347)
261	śvas	श्वस्	śvas	1	154	97.6967	śvasan	завтра	kosha/roots_frequency.json (H950) x WhitneyRoots/crosswalk/ru_root_glosses.tsv (H347)
262	carv	चर्व्	carv	1	151	97.7241	cūrṇam	Посыпание порошком	kosha/roots_frequency.json (H950) x WhitneyRoots/crosswalk/ru_root_glosses.tsv (H347)
263	1 dṛ / 2 dṛ	दृ	dṛ	1,9	151	97.7516	dīryate	разрываться	kosha/roots_frequency.json (H950) x WhitneyRoots/crosswalk/ru_root_glosses.tsv (H347)
264	mṛṣ	मृष्	mṛṣ	2	150	97.7789	amṛṣyata	стерпеть	kosha/roots_frequency.json (H950) x WhitneyRoots/crosswalk/ru_root_glosses.tsv (H347)
265	ṛṣ	ऋष्	ṛṣ	1,6	147	97.8057	arṣati	течь	kosha/roots_frequency.json (H950) x WhitneyRoots/crosswalk/ru_root_glosses.tsv (H347)
266	vraśc	व्रश्च्	vraśc	6	145	97.832	vṛśca	отрубать	kosha/roots_frequency.json (H950) x WhitneyRoots/crosswalk/ru_root_glosses.tsv (H347)
267	khid	खिद्	khid	6	141	97.8577	khinnaḥ	вырывать	kosha/roots_frequency.json (H950) x WhitneyRoots/crosswalk/ru_root_glosses.tsv (H347)
268	pad	पद्	pad	1	134	97.8821	panna	достигать	kosha/roots_frequency.json (H950) x WhitneyRoots/crosswalk/ru_root_glosses.tsv (H347)
269	dhṛṣ	धृष्	dhṛṣ	1	133	97.9063	dhṛṣatā	дерзко	kosha/roots_frequency.json (H950) x WhitneyRoots/crosswalk/ru_root_glosses.tsv (H347)
270	pṛc	पृच्	pṛc	3	133	97.9305	pṛcyantām	наполнять	kosha/roots_frequency.json (H950) x WhitneyRoots/crosswalk/ru_root_glosses.tsv (H347)
271	sraṃs	स्रंस्	sraṃs	9	133	97.9547	srasta	выпадать	kosha/roots_frequency.json (H950) x WhitneyRoots/crosswalk/ru_root_glosses.tsv (H347)
272	mṛḍ	मृड्	mṛḍ	6	131	97.9785	mṛḍa	смиловаться	kosha/roots_frequency.json (H950) x WhitneyRoots/crosswalk/ru_root_glosses.tsv (H347)
273	nah	नह्	nah	1	131	98.0024	nahyāmi	связанный	kosha/roots_frequency.json (H950) x WhitneyRoots/crosswalk/ru_root_glosses.tsv (H347)
274	dhvaṃs	ध्वंस्	dhvaṃs	1	130	98.026	dhvasta	гибнуть	kosha/roots_frequency.json (H950) x WhitneyRoots/crosswalk/ru_root_glosses.tsv (H347)
275	ghrā	घ्रा	ghrā	3	130	98.0497	ghrāyati	обонять	kosha/roots_frequency.json (H950) x WhitneyRoots/crosswalk/ru_root_glosses.tsv (H347)
276	lamb	लम्ब्	lamb	1	130	98.0733	lambate	висящий	kosha/roots_frequency.json (H950) x WhitneyRoots/crosswalk/ru_root_glosses.tsv (H347)
277	nand	नन्द्	nand	1	129	98.0968	nananda	радоваться	kosha/roots_frequency.json (H950) x WhitneyRoots/crosswalk/ru_root_glosses.tsv (H347)
278	ruj	रुज्	ruj	6	129	98.1203	rujan	проломить	kosha/roots_frequency.json (H950) x WhitneyRoots/crosswalk/ru_root_glosses.tsv (H347)
279	1 phal / 2 phal	फल्	phal	1	127	98.1434	phalanti	приносить	kosha/roots_frequency.json (H950) x WhitneyRoots/crosswalk/ru_root_glosses.tsv (H347)
280	jalp	जल्प्	jalp	1	126	98.1663	jalpan	говорить	kosha/roots_frequency.json (H950) x WhitneyRoots/crosswalk/ru_root_glosses.tsv (H347)
281	klid	क्लिद्	klid	4	125	98.1891	klinna	окропить	kosha/roots_frequency.json (H950) x WhitneyRoots/crosswalk/ru_root_glosses.tsv (H347)
283	ghaṭ	घट्	ghaṭ	1	119	98.2335	ghaṭate	нет	kosha/roots_frequency.json (H950) x WhitneyRoots/crosswalk/ru_root_glosses.tsv (H347)
284	skhal	स्खल्	skhal	1	118	98.2549	skhalita	спотыкаться	kosha/roots_frequency.json (H950) x WhitneyRoots/crosswalk/ru_root_glosses.tsv (H347)
285	lup	लुप्	lup	6	117	98.2762	lupta	отнять	kosha/roots_frequency.json (H950) x WhitneyRoots/crosswalk/ru_root_glosses.tsv (H347)
286	nard	नर्द्	nard	1	116	98.2973	nardataḥ	крики	kosha/roots_frequency.json (H950) x WhitneyRoots/crosswalk/ru_root_glosses.tsv (H347)
287	1 jakṣ / 2 jakṣ	जक्ष्	jakṣ	1	114	98.3181	jagdhvā	съесть	kosha/roots_frequency.json (H950) x WhitneyRoots/crosswalk/ru_root_glosses.tsv (H347)
288	bhās	भास्	bhās	1	112	98.3385	bhāsate	свет	kosha/roots_frequency.json (H950) x WhitneyRoots/crosswalk/ru_root_glosses.tsv (H347)
289	1 dīv / 2 dīv / div	दीव्	dīv	1,4	110	98.3585	dīvyāmi	сыграть	kosha/roots_frequency.json (H950) x WhitneyRoots/crosswalk/ru_root_glosses.tsv (H347)
290	lajj	लज्ज्	lajj	1	109	98.3783	lajjitā	стыдливая	kosha/roots_frequency.json (H950) x WhitneyRoots/crosswalk/ru_root_glosses.tsv (H347)
291	dṛp	दृप्	dṛp	1	106	98.3976	dṛptaḥ	гордый	kosha/roots_frequency.json (H950) x WhitneyRoots/crosswalk/ru_root_glosses.tsv (H347)
292	syand	स्यन्द्	syand	1	106	98.4169	syandante	течь	kosha/roots_frequency.json (H950) x WhitneyRoots/crosswalk/ru_root_glosses.tsv (H347)
293	bhikṣ	भिक्ष्	bhikṣ	1	103	98.4356	bhikṣeta	испрашивать	kosha/roots_frequency.json (H950) x WhitneyRoots/crosswalk/ru_root_glosses.tsv (H347)
294	cakṣ	चक्ष्	cakṣ	2	103	98.4544	caṣṭe	рассказать	kosha/roots_frequency.json (H950) x WhitneyRoots/crosswalk/ru_root_glosses.tsv (H347)
295	mī	मी	mī	4	103	98.4731	minanti	нарушать	kosha/roots_frequency.json (H950) x WhitneyRoots/crosswalk/ru_root_glosses.tsv (H347)
296	ruṣ	रुष्	ruṣ	6	102	98.4917	ruṣito	в гневе	kosha/roots_frequency.json (H950) x WhitneyRoots/crosswalk/ru_root_glosses.tsv (H347)
297	kūj	कूज्	kūj	1	101	98.5101	kūjat	стонать	kosha/roots_frequency.json (H950) x WhitneyRoots/crosswalk/ru_root_glosses.tsv (H347)
298	lal	लल्	lal	1	101	98.5284	lalita	чарующий	kosha/roots_frequency.json (H950) x WhitneyRoots/crosswalk/ru_root_glosses.tsv (H347)
299	īh	ईह्	īh	1	101	98.5468	īhate	стремиться	kosha/roots_frequency.json (H950) x WhitneyRoots/crosswalk/ru_root_glosses.tsv (H347)
300	1 mi / 2 mi	मि	mi	5	99	98.5648	minoti	сойтись	kosha/roots_frequency.json (H950) x WhitneyRoots/crosswalk/ru_root_glosses.tsv (H347)
301	pṛṇ	पृण्	pṛṇ	6	99	98.5828	pṛṇa	заполнить	kosha/roots_frequency.json (H950) x WhitneyRoots/crosswalk/ru_root_glosses.tsv (H347)
302	tam	तम्	tam	4	99	98.6009	tāmyati	лишается дыхания	kosha/roots_frequency.json (H950) x WhitneyRoots/crosswalk/ru_root_glosses.tsv (H347)
303	tud	तुद्	tud	7	99	98.6189	tudan	уязвляемый	kosha/roots_frequency.json (H950) x WhitneyRoots/crosswalk/ru_root_glosses.tsv (H347)
304	kṣudh	क्षुध्	kṣudh	4	98	98.6367	kṣudhito	голод	kosha/roots_frequency.json (H950) x WhitneyRoots/crosswalk/ru_root_glosses.tsv (H347)
305	1 ūh / 2 ūh	ऊह्	ūh	1,4	98	98.6545	ohate	соблюдать	kosha/roots_frequency.json (H950) x WhitneyRoots/crosswalk/ru_root_glosses.tsv (H347)
306	dabh	दभ्	dabh	4	96	98.672	dabhan	обмануть	kosha/roots_frequency.json (H950) x WhitneyRoots/crosswalk/ru_root_glosses.tsv (H347)
307	mārg	मार्ग्	mārg		94	98.6891	mārgamāṇaḥ	искать	kosha/roots_frequency.json (H950) x WhitneyRoots/crosswalk/ru_root_glosses.tsv (H347)
309	jyā	ज्या	jyā	9	93	98.723	jināti	вредить	kosha/roots_frequency.json (H950) x WhitneyRoots/crosswalk/ru_root_glosses.tsv (H347)
310	śliṣ	श्लिष्	śliṣ	6	92	98.7397	śliṣṭa	обнять	kosha/roots_frequency.json (H950) x WhitneyRoots/crosswalk/ru_root_glosses.tsv (H347)
311	kvath	क्वथ्	kvath	1	91	98.7563	kvathitaṃ	сваренный	kosha/roots_frequency.json (H950) x WhitneyRoots/crosswalk/ru_root_glosses.tsv (H347)
312	klam	क्लम्	klam	4	90	98.7726	klānta	усталые	kosha/roots_frequency.json (H950) x WhitneyRoots/crosswalk/ru_root_glosses.tsv (H347)
313	mlā	म्ला	mlā	4	89	98.7888	mlāna	падали замертво	kosha/roots_frequency.json (H950) x WhitneyRoots/crosswalk/ru_root_glosses.tsv (H347)
314	jū	जू	jū	1	88	98.8048	jūtam	преследовать	kosha/roots_frequency.json (H950) x WhitneyRoots/crosswalk/ru_root_glosses.tsv (H347)
315	jṛmbh	जृम्भ्	jṛmbh	1	88	98.8209	jṛmbhate	отряхнуться	kosha/roots_frequency.json (H950) x WhitneyRoots/crosswalk/ru_root_glosses.tsv (H347)
316	īr	ईर्	īr	2	87	98.8367	īrate	подниматься	kosha/roots_frequency.json (H950) x WhitneyRoots/crosswalk/ru_root_glosses.tsv (H347)
317	1 ru / 2 ru	रु	ru	1	86	98.8523	rauti	взреветь	kosha/roots_frequency.json (H950) x WhitneyRoots/crosswalk/ru_root_glosses.tsv (H347)
318	sādh	साध्	sādh	1	86	98.868	sādha	достигает цели	kosha/roots_frequency.json (H950) x WhitneyRoots/crosswalk/ru_root_glosses.tsv (H347)
319	ej	एज्	ej	1	85	98.8834	ejati	двигаться	kosha/roots_frequency.json (H950) x WhitneyRoots/crosswalk/ru_root_glosses.tsv (H347)
320	glā	ग्ला	glā	4	85	98.8989	glāna	несчастный	kosha/roots_frequency.json (H950) x WhitneyRoots/crosswalk/ru_root_glosses.tsv (H347)
321	vrīḍ	व्रीड्	vrīḍ	1	84	98.9142	vrīḍitā	пристыженный	kosha/roots_frequency.json (H950) x WhitneyRoots/crosswalk/ru_root_glosses.tsv (H347)
322	miṣ	मिष्	miṣ	6	83	98.9293	miṣatāṃ	на глазах	kosha/roots_frequency.json (H950) x WhitneyRoots/crosswalk/ru_root_glosses.tsv (H347)
323	du / dū	दु	du	4	82	98.9442	dunoti	знать	kosha/roots_frequency.json (H950) x WhitneyRoots/crosswalk/ru_root_glosses.tsv (H347)
324	kam	कम्	kam	4	82	98.9591	cakame	возжелать	kosha/roots_frequency.json (H950) x WhitneyRoots/crosswalk/ru_root_glosses.tsv (H347)
325	lū	लू	lū	8	81	98.9739	lūna	рассечь	kosha/roots_frequency.json (H950) x WhitneyRoots/crosswalk/ru_root_glosses.tsv (H347)
326	svad	स्वद्	svad	1	81	98.9886	svadate	сделает вкусными	kosha/roots_frequency.json (H950) x WhitneyRoots/crosswalk/ru_root_glosses.tsv (H347)
327	dyut	द्युत्	dyut	1	75	99.0023	adyaut	молнии	kosha/roots_frequency.json (H950) x WhitneyRoots/crosswalk/ru_root_glosses.tsv (H347)
328	1 sā / 2 sā	सा	sā	6	75	99.0159	sitaḥ	решительный	kosha/roots_frequency.json (H950) x WhitneyRoots/crosswalk/ru_root_glosses.tsv (H347)
329	bhaṇ	भण्	bhaṇ	1	73	99.0292	bhaṇyate	ведет речь	kosha/roots_frequency.json (H950) x WhitneyRoots/crosswalk/ru_root_glosses.tsv (H347)
330	ghas	घस्	ghas	1	73	99.0425	jaghāsa	глаз	kosha/roots_frequency.json (H950) x WhitneyRoots/crosswalk/ru_root_glosses.tsv (H347)
331	vāś	वाश्	vāś	1	73	99.0558	vavāśire	заставил звучать	kosha/roots_frequency.json (H950) x WhitneyRoots/crosswalk/ru_root_glosses.tsv (H347)
332	cumb	चुम्ब्	cumb	1	71	99.0687	cumbati	целовать	kosha/roots_frequency.json (H950) x WhitneyRoots/crosswalk/ru_root_glosses.tsv (H347)
333	druh	द्रुह्	druh	6	70	99.0814	druhyet	обман	kosha/roots_frequency.json (H950) x WhitneyRoots/crosswalk/ru_root_glosses.tsv (H347)
334	mih	मिह्	mih	1	70	99.0942	mehati	туман	kosha/roots_frequency.json (H950) x WhitneyRoots/crosswalk/ru_root_glosses.tsv (H347)
335	gāh	गाह्	gāh	1	69	99.1067	gāhate	нырять	kosha/roots_frequency.json (H950) x WhitneyRoots/crosswalk/ru_root_glosses.tsv (H347)
336	rabh	रभ्	rabh	1	67	99.1189	rabhasva	начать	kosha/roots_frequency.json (H950) x WhitneyRoots/crosswalk/ru_root_glosses.tsv (H347)
337	sīv	सीव्	sīv	4	67	99.1311	sīvyet	цепь	kosha/roots_frequency.json (H950) x WhitneyRoots/crosswalk/ru_root_glosses.tsv (H347)
338	gṛdh	गृध्	gṛdh	4	61	99.1422	gṛddhāḥ	охочим становится	kosha/roots_frequency.json (H950) x WhitneyRoots/crosswalk/ru_root_glosses.tsv (H347)
339	aṭ	अट्	aṭ	1	60	99.1531	aṭati	странствующий	kosha/roots_frequency.json (H950) x WhitneyRoots/crosswalk/ru_root_glosses.tsv (H347)
340	kṣud	क्षुद्	kṣud	1	60	99.164	kṣuṇṇa	рвать	kosha/roots_frequency.json (H950) x WhitneyRoots/crosswalk/ru_root_glosses.tsv (H347)
341	mah	मह्	mah	1	60	99.175	māmahantām	великий	kosha/roots_frequency.json (H950) x WhitneyRoots/crosswalk/ru_root_glosses.tsv (H347)
342	ri / rī	रि	ri	9	60	99.1859	rīyate	высокое	kosha/roots_frequency.json (H950) x WhitneyRoots/crosswalk/ru_root_glosses.tsv (H347)
343	las	लस्	las	1	59	99.1966	lasat	развлекаться	kosha/roots_frequency.json (H950) x WhitneyRoots/crosswalk/ru_root_glosses.tsv (H347)
344	kath	कथ्	kath	4	57	99.207	kathitaṃ	говорить	kosha/roots_frequency.json (H950) x WhitneyRoots/crosswalk/ru_root_glosses.tsv (H347)
345	nakṣ	नक्ष्	nakṣ	1	57	99.2174	nakṣati	достигнуть	kosha/roots_frequency.json (H950) x WhitneyRoots/crosswalk/ru_root_glosses.tsv (H347)
346	kan	कन्	kan	1	56	99.2275	cākan	любящий	kosha/roots_frequency.json (H950) x WhitneyRoots/crosswalk/ru_root_glosses.tsv (H347)
347	aj	अज्	aj	1	55	99.2376	aja	выгнать	kosha/roots_frequency.json (H950) x WhitneyRoots/crosswalk/ru_root_glosses.tsv (H347)
348	stubh	स्तुभ्	stubh	2	55	99.2476	stobhati	возгласы	kosha/roots_frequency.json (H950) x WhitneyRoots/crosswalk/ru_root_glosses.tsv (H347)
349	tṛṣ	तृष्	tṛṣ	4	55	99.2576	tṛṣyate	мучимый жаждой	kosha/roots_frequency.json (H950) x WhitneyRoots/crosswalk/ru_root_glosses.tsv (H347)
350	val	वल्	val	1	54	99.2674	valita	Валина	kosha/roots_frequency.json (H950) x WhitneyRoots/crosswalk/ru_root_glosses.tsv (H347)
351	vṛh	वृह्	vṛh	6	54	99.2772	vṛhāmasi	вырывать	kosha/roots_frequency.json (H950) x WhitneyRoots/crosswalk/ru_root_glosses.tsv (H347)
352	ghūrṇ	घूर्ण्	ghūrṇ	1	53	99.2869	ghūrṇita	реять	kosha/roots_frequency.json (H950) x WhitneyRoots/crosswalk/ru_root_glosses.tsv (H347)
353	dhī	धी	dhī	2	52	99.2963	dīdhyānāḥ	молитвы	kosha/roots_frequency.json (H950) x WhitneyRoots/crosswalk/ru_root_glosses.tsv (H347)
354	nāth	नाथ्	nāth	1	52	99.3058	nāthito	нуждаясь в помощи	kosha/roots_frequency.json (H950) x WhitneyRoots/crosswalk/ru_root_glosses.tsv (H347)
355	spand	स्पन्द्	spand	1	52	99.3153	spandate	деятельность	kosha/roots_frequency.json (H950) x WhitneyRoots/crosswalk/ru_root_glosses.tsv (H347)
356	ras	रस्	ras	1	51	99.3245	rarāsa	подняться	kosha/roots_frequency.json (H950) x WhitneyRoots/crosswalk/ru_root_glosses.tsv (H347)
357	uc	उच्	uc	4	51	99.3338	ucita	нравиться	kosha/roots_frequency.json (H950) x WhitneyRoots/crosswalk/ru_root_glosses.tsv (H347)
358	dhūrv	धूर्व्	dhūrv	6	50	99.3429	dhūrva	вредящий	kosha/roots_frequency.json (H950) x WhitneyRoots/crosswalk/ru_root_glosses.tsv (H347)
360	bhūṣ	भूष्	bhūṣ	1	48	99.3607	bhūṣa	окружать	kosha/roots_frequency.json (H950) x WhitneyRoots/crosswalk/ru_root_glosses.tsv (H347)
361	cak	चक्	cak	1	48	99.3695	cakita	находишь удовольствие	kosha/roots_frequency.json (H950) x WhitneyRoots/crosswalk/ru_root_glosses.tsv (H347)
362	hvṛ	ह्वृ	hvṛ	3	48	99.3782	juhurāṇam	обходящий	kosha/roots_frequency.json (H950) x WhitneyRoots/crosswalk/ru_root_glosses.tsv (H347)
363	dhanv	धन्व्	dhanv	1	47	99.3868	dadhanvire	лучник	kosha/roots_frequency.json (H950) x WhitneyRoots/crosswalk/ru_root_glosses.tsv (H347)
364	rih	रिह्	rih	2	47	99.3953	rihanti	лизать	kosha/roots_frequency.json (H950) x WhitneyRoots/crosswalk/ru_root_glosses.tsv (H347)
366	kāś	काश्	kāś	1	45	99.4119	cakāśire	сиять	kosha/roots_frequency.json (H950) x WhitneyRoots/crosswalk/ru_root_glosses.tsv (H347)
367	radh	रध्	radh	4	45	99.4201	radhāma	отдай во власть	kosha/roots_frequency.json (H950) x WhitneyRoots/crosswalk/ru_root_glosses.tsv (H347)
368	1 ran / 2 ran	रन्	ran	1	45	99.4283	rārandhi	радоваться	kosha/roots_frequency.json (H950) x WhitneyRoots/crosswalk/ru_root_glosses.tsv (H347)
369	vakṣ	वक्ष्	vakṣ	6	45	99.4364	vavakṣitha	вырасти	kosha/roots_frequency.json (H950) x WhitneyRoots/crosswalk/ru_root_glosses.tsv (H347)
370	1 ṛj / 2 ṛj	ऋज्	ṛj	1	44	99.4445	ṛñjate	простираться	kosha/roots_frequency.json (H950) x WhitneyRoots/crosswalk/ru_root_glosses.tsv (H347)
371	veṣṭ	वेष्ट्	veṣṭ	1	43	99.4523	veṣṭyam	сокращаться	kosha/roots_frequency.json (H950) x WhitneyRoots/crosswalk/ru_root_glosses.tsv (H347)
372	lul	लुल्	lul	1	42	99.4599	lulita	заболеть	kosha/roots_frequency.json (H950) x WhitneyRoots/crosswalk/ru_root_glosses.tsv (H347)
373	valg	वल्ग्	valg	1	42	99.4676	valgita	приплясывать	kosha/roots_frequency.json (H950) x WhitneyRoots/crosswalk/ru_root_glosses.tsv (H347)
374	nabh	नभ्	nabh	1	40	99.4748	nabhantām	Пусть лопнут	kosha/roots_frequency.json (H950) x WhitneyRoots/crosswalk/ru_root_glosses.tsv (H347)
375	prā	प्रा	prā	2	40	99.4821	aprāḥ	заполнить	kosha/roots_frequency.json (H950) x WhitneyRoots/crosswalk/ru_root_glosses.tsv (H347)
376	rej	रेज्	rej	1	40	99.4894	rejate	трястись	kosha/roots_frequency.json (H950) x WhitneyRoots/crosswalk/ru_root_glosses.tsv (H347)
377	lakṣ	लक्ष्	lakṣ	1	39	99.4965	lakṣyate	видеть	kosha/roots_frequency.json (H950) x WhitneyRoots/crosswalk/ru_root_glosses.tsv (H347)
378	svaj	स्वज्	svaj	1	39	99.5036	sasvaje	обнять	kosha/roots_frequency.json (H950) x WhitneyRoots/crosswalk/ru_root_glosses.tsv (H347)
379	svar	स्वर्	svar	1	39	99.5107	asvaran	солнце	kosha/roots_frequency.json (H950) x WhitneyRoots/crosswalk/ru_root_glosses.tsv (H347)
380	tṛd	तृद्	tṛd	7	39	99.5178	tṛndhi	пробуравить	kosha/roots_frequency.json (H950) x WhitneyRoots/crosswalk/ru_root_glosses.tsv (H347)
381	day	दय्	day	1	38	99.5247	dayate	раздавать	kosha/roots_frequency.json (H950) x WhitneyRoots/crosswalk/ru_root_glosses.tsv (H347)
382	paṇ	पण्	paṇ	1	36	99.5313	paṇate	поставим на кон	kosha/roots_frequency.json (H950) x WhitneyRoots/crosswalk/ru_root_glosses.tsv (H347)
383	piś	पिश्	piś	6	36	99.5378	piṃśatu	украсить	kosha/roots_frequency.json (H950) x WhitneyRoots/crosswalk/ru_root_glosses.tsv (H347)
384	tuj	तुज्	tuj	6	35	99.5442	tuje	Туджи	kosha/roots_frequency.json (H950) x WhitneyRoots/crosswalk/ru_root_glosses.tsv (H347)
385	rad	रद्	rad	1	34	99.5504	radite	укусить	kosha/roots_frequency.json (H950) x WhitneyRoots/crosswalk/ru_root_glosses.tsv (H347)
386	spṛh	स्पृह्	spṛh	6	34	99.5565	spṛhaṇīya	желанные	kosha/roots_frequency.json (H950) x WhitneyRoots/crosswalk/ru_root_glosses.tsv (H347)
387	mṛś	मृश्	mṛś	2	33	99.5626	mṛśāmasi	схватить	kosha/roots_frequency.json (H950) x WhitneyRoots/crosswalk/ru_root_glosses.tsv (H347)
388	1 uṣ / 2 uṣ	उष्	uṣ	6	33	99.5686	oṣa	пройти	kosha/roots_frequency.json (H950) x WhitneyRoots/crosswalk/ru_root_glosses.tsv (H347)
389	dhvan	ध्वन्	dhvan	1	32	99.5744	dhvanat	загрохотать	kosha/roots_frequency.json (H950) x WhitneyRoots/crosswalk/ru_root_glosses.tsv (H347)
390	laṅgh	लङ्घ्	laṅgh	1	32	99.5802	laṅghyaḥ	поглощаться	kosha/roots_frequency.json (H950) x WhitneyRoots/crosswalk/ru_root_glosses.tsv (H347)
391	cud	चुद्	cud	1	31	99.5858	acūcudam	направить	kosha/roots_frequency.json (H950) x WhitneyRoots/crosswalk/ru_root_glosses.tsv (H347)
393	cāy	चाय्	cāy	1	30	99.5969	acāyat	почтить	kosha/roots_frequency.json (H950) x WhitneyRoots/crosswalk/ru_root_glosses.tsv (H347)
394	ghuṣ	घुष्	ghuṣ	1	30	99.6024	ghuṣyatāṃ	оглашаемый	kosha/roots_frequency.json (H950) x WhitneyRoots/crosswalk/ru_root_glosses.tsv (H347)
395	hīḍ	हीड्	hīḍ	6	29	99.6077	heḍamānaḥ	выщипать	kosha/roots_frequency.json (H950) x WhitneyRoots/crosswalk/ru_root_glosses.tsv (H347)
396	viṣ	विष्	viṣ	1	29	99.613	viveṣa	искать	kosha/roots_frequency.json (H950) x WhitneyRoots/crosswalk/ru_root_glosses.tsv (H347)
397	hras	ह्रस्	hras	1	28	99.6181	hrasanti	уменьшаться	kosha/roots_frequency.json (H950) x WhitneyRoots/crosswalk/ru_root_glosses.tsv (H347)
398	hrī	ह्री	hrī	3	28	99.6231	hrīta	скромность	kosha/roots_frequency.json (H950) x WhitneyRoots/crosswalk/ru_root_glosses.tsv (H347)
399	katth	कत्थ्	katth	1	28	99.6282	katthase	похваляться	kosha/roots_frequency.json (H950) x WhitneyRoots/crosswalk/ru_root_glosses.tsv (H347)
400	kvaṇ	क्वण्	kvaṇ	1	28	99.6333	kvaṇat	звенящие	kosha/roots_frequency.json (H950) x WhitneyRoots/crosswalk/ru_root_glosses.tsv (H347)
401	mṛṇ	मृण्	mṛṇ	6	28	99.6384	mṛṇa	дробить	kosha/roots_frequency.json (H950) x WhitneyRoots/crosswalk/ru_root_glosses.tsv (H347)
402	truṭ	त्रुट्	truṭ	4	28	99.6435	truṭitaṃ	рваться	kosha/roots_frequency.json (H950) x WhitneyRoots/crosswalk/ru_root_glosses.tsv (H347)
403	dal	दल्	dal	1	27	99.6484	dalita	пряди волос	kosha/roots_frequency.json (H950) x WhitneyRoots/crosswalk/ru_root_glosses.tsv (H347)
404	iyakṣ	इयक्ष्	iyakṣ		27	99.6534	iyakṣaty	хочет покорить	kosha/roots_frequency.json (H950) x WhitneyRoots/crosswalk/ru_root_glosses.tsv (H347)
405	vij	विज्	vij	6	27	99.6583	vijante	страшиться	kosha/roots_frequency.json (H950) x WhitneyRoots/crosswalk/ru_root_glosses.tsv (H347)
406	heṣ	हेष्	heṣ	1	26	99.663	heṣanti	заржать	kosha/roots_frequency.json (H950) x WhitneyRoots/crosswalk/ru_root_glosses.tsv (H347)
407	lap	लप्	lap	4	26	99.6677	lalāpa	причитать	kosha/roots_frequency.json (H950) x WhitneyRoots/crosswalk/ru_root_glosses.tsv (H347)
408	1 luṭh / 2 luṭh	लुठ्	luṭh	6	26	99.6725	luṭhat	простереться	kosha/roots_frequency.json (H950) x WhitneyRoots/crosswalk/ru_root_glosses.tsv (H347)
409	ribh	रिभ्	ribh	1	26	99.6772	rebhan	распевать	kosha/roots_frequency.json (H950) x WhitneyRoots/crosswalk/ru_root_glosses.tsv (H347)
410	bhas	भस्	bhas	1	25	99.6817	babhasti	пожирать	kosha/roots_frequency.json (H950) x WhitneyRoots/crosswalk/ru_root_glosses.tsv (H347)
411	cṛt	चृत्	cṛt	6	25	99.6863	cṛtāmasi	разнять	kosha/roots_frequency.json (H950) x WhitneyRoots/crosswalk/ru_root_glosses.tsv (H347)
412	ghṛ	घृ	ghṛ	3	25	99.6908	jigharmi	кропить	kosha/roots_frequency.json (H950) x WhitneyRoots/crosswalk/ru_root_glosses.tsv (H347)
413	mikṣ	मिक्ष्	mikṣ	1	25	99.6954	mimikṣatām	смешанный	kosha/roots_frequency.json (H950) x WhitneyRoots/crosswalk/ru_root_glosses.tsv (H347)
414	vañc	वञ्च्	vañc	1	24	99.6998	vacyamānā	Пусть скачут	kosha/roots_frequency.json (H950) x WhitneyRoots/crosswalk/ru_root_glosses.tsv (H347)
415	īṣ	ईष्	īṣ	1	24	99.7041	īṣate	принять	kosha/roots_frequency.json (H950) x WhitneyRoots/crosswalk/ru_root_glosses.tsv (H347)
416	cañc	चञ्च्	cañc	1	23	99.7083	cañcat	сверкающий	kosha/roots_frequency.json (H950) x WhitneyRoots/crosswalk/ru_root_glosses.tsv (H347)
417	sap	सप्	sap	1	23	99.7125	sapeya	упряжка	kosha/roots_frequency.json (H950) x WhitneyRoots/crosswalk/ru_root_glosses.tsv (H347)
418	sas	सस्	sas	2	23	99.7167	sasantu	спящий	kosha/roots_frequency.json (H950) x WhitneyRoots/crosswalk/ru_root_glosses.tsv (H347)
419	śṛdh	शृध्	śṛdh	1	23	99.7209	śardhate	дерзкий	kosha/roots_frequency.json (H950) x WhitneyRoots/crosswalk/ru_root_glosses.tsv (H347)
420	chand	छन्द्	chand	2	22	99.7249	chandyamāno	казаться	kosha/roots_frequency.json (H950) x WhitneyRoots/crosswalk/ru_root_glosses.tsv (H347)
421	cūṣ	चूष्	cūṣ	1	22	99.7289	coṣyaṃ	облизываться	kosha/roots_frequency.json (H950) x WhitneyRoots/crosswalk/ru_root_glosses.tsv (H347)
422	das	दस्	das	1	22	99.7329	dasyanti	иссякать	kosha/roots_frequency.json (H950) x WhitneyRoots/crosswalk/ru_root_glosses.tsv (H347)
423	gur	गुर्	gur	6	22	99.7369	gūrtāḥ	воспевание	kosha/roots_frequency.json (H950) x WhitneyRoots/crosswalk/ru_root_glosses.tsv (H347)
424	mṛdh	मृध्	mṛdh	9	22	99.7409	mṛddhā	враг	kosha/roots_frequency.json (H950) x WhitneyRoots/crosswalk/ru_root_glosses.tsv (H347)
425	1 drā / 2 drā	द्रा	drā	2	21	99.7447	drāntv	Пусть бегут прочь	kosha/roots_frequency.json (H950) x WhitneyRoots/crosswalk/ru_root_glosses.tsv (H347)
426	nij	निज्	nij	2	21	99.7485	niktvā	смыть	kosha/roots_frequency.json (H950) x WhitneyRoots/crosswalk/ru_root_glosses.tsv (H347)
427	pluṣ	प्लुष्	pluṣ	4	21	99.7523	pluṣṭa	опалённый	kosha/roots_frequency.json (H950) x WhitneyRoots/crosswalk/ru_root_glosses.tsv (H347)
428	śnath	श्नथ्	śnath	2	21	99.7562	śnathiṣṭana	столкнуть	kosha/roots_frequency.json (H950) x WhitneyRoots/crosswalk/ru_root_glosses.tsv (H347)
429	cakās	चकास्	cakās	2	20	99.7598	cakāsti	ехавший	kosha/roots_frequency.json (H950) x WhitneyRoots/crosswalk/ru_root_glosses.tsv (H347)
430	kṣu	क्षु	kṣu	2	20	99.7634	kṣutvā	на которую чихнули	kosha/roots_frequency.json (H950) x WhitneyRoots/crosswalk/ru_root_glosses.tsv (H347)
431	skambh	स्कम्भ्	skambh	8	20	99.7671	skabhitā	укреплённый	kosha/roots_frequency.json (H950) x WhitneyRoots/crosswalk/ru_root_glosses.tsv (H347)
432	stan	स्तन्	stan	2	20	99.7707	stanatāṃ	стонущие	kosha/roots_frequency.json (H950) x WhitneyRoots/crosswalk/ru_root_glosses.tsv (H347)
433	vyac	व्यच्	vyac	3	20	99.7744	vivyāca	покрывать	kosha/roots_frequency.json (H950) x WhitneyRoots/crosswalk/ru_root_glosses.tsv (H347)
434	svan	स्वन्	svan	1	19	99.7778	svananti	с шумом	kosha/roots_frequency.json (H950) x WhitneyRoots/crosswalk/ru_root_glosses.tsv (H347)
435	tṛh	तृह्	tṛh	7	19	99.7813	atṛham	убить	kosha/roots_frequency.json (H950) x WhitneyRoots/crosswalk/ru_root_glosses.tsv (H347)
436	ven	वेन्	ven	1	19	99.7847	venaḥ	видеть	kosha/roots_frequency.json (H950) x WhitneyRoots/crosswalk/ru_root_glosses.tsv (H347)
437	1 śad / 2 śad	शद्	śad	1	19	99.7882	śāśadānā	кичащийся	kosha/roots_frequency.json (H950) x WhitneyRoots/crosswalk/ru_root_glosses.tsv (H347)
438	bṛṃh	बृंह्	bṛṃh	1	18	99.7915	bṛṃhantau	мощный	kosha/roots_frequency.json (H950) x WhitneyRoots/crosswalk/ru_root_glosses.tsv (H347)
439	dagh	दघ्	dagh	5	18	99.7947	dhag	лишать	kosha/roots_frequency.json (H950) x WhitneyRoots/crosswalk/ru_root_glosses.tsv (H347)
440	khac	खच्	khac	1	18	99.798	khacita	украшенный	kosha/roots_frequency.json (H950) x WhitneyRoots/crosswalk/ru_root_glosses.tsv (H347)
442	ṣṭhīv	ष्ठीव्	ṣṭhīv	1	18	99.8046	ṣṭhīvati	выталкивать	kosha/roots_frequency.json (H950) x WhitneyRoots/crosswalk/ru_root_glosses.tsv (H347)
443	kṣvid / kṣviḍ	क्ष्विड्	kṣviḍ	1	17	99.8077	kṣveḍantaḥ	бормотать	kosha/roots_frequency.json (H950) x WhitneyRoots/crosswalk/ru_root_glosses.tsv (H347)
444	kṣap	क्षप्	kṣap	1	16	99.8106	kṣapet	ночи	kosha/roots_frequency.json (H950) x WhitneyRoots/crosswalk/ru_root_glosses.tsv (H347)
445	tur	तुर्	tur	6	16	99.8135	turvaṇe	преодолеть	kosha/roots_frequency.json (H950) x WhitneyRoots/crosswalk/ru_root_glosses.tsv (H347)
446	tviṣ	त्विष्	tviṣ	6	16	99.8164	titviṣe	вспышки	kosha/roots_frequency.json (H950) x WhitneyRoots/crosswalk/ru_root_glosses.tsv (H347)
447	śrath	श्रथ्	śrath	1	16	99.8193	śiśrathaḥ	снять	kosha/roots_frequency.json (H950) x WhitneyRoots/crosswalk/ru_root_glosses.tsv (H347)
449	iṅg	इङ्ग्	iṅg	4	15	99.8248	iṅgate	колебаться	kosha/roots_frequency.json (H950) x WhitneyRoots/crosswalk/ru_root_glosses.tsv (H347)
450	rah	रह्	rah	1	15	99.8275	rahitam	высказать	kosha/roots_frequency.json (H950) x WhitneyRoots/crosswalk/ru_root_glosses.tsv (H347)
451	ubj	उब्ज्	ubj	6	15	99.8302	ubjatam	обуздывать	kosha/roots_frequency.json (H950) x WhitneyRoots/crosswalk/ru_root_glosses.tsv (H347)
452	am	अम्	am	2	14	99.8328	amamat	поклониться	kosha/roots_frequency.json (H950) x WhitneyRoots/crosswalk/ru_root_glosses.tsv (H347)
453	irajy	इरज्य्	irajy		14	99.8353	irajyann	править	kosha/roots_frequency.json (H950) x WhitneyRoots/crosswalk/ru_root_glosses.tsv (H347)
454	kṛp	कृप्	kṛp	1	14	99.8379	akṛpanta	равняться	kosha/roots_frequency.json (H950) x WhitneyRoots/crosswalk/ru_root_glosses.tsv (H347)
455	guñj	गुञ्ज्	guñj	1	13	99.8402	guñjat	гудеть	kosha/roots_frequency.json (H950) x WhitneyRoots/crosswalk/ru_root_glosses.tsv (H347)
456	hval	ह्वल्	hval	1	13	99.8426	hvalati	в смятении	kosha/roots_frequency.json (H950) x WhitneyRoots/crosswalk/ru_root_glosses.tsv (H347)
457	myakṣ	म्यक्ष्	myakṣ	1	13	99.845	mimikṣuḥ	подвигнуть	kosha/roots_frequency.json (H950) x WhitneyRoots/crosswalk/ru_root_glosses.tsv (H347)
458	sagh	सघ्	sagh	5	13	99.8473	saghyāsaṃ	справиться	kosha/roots_frequency.json (H950) x WhitneyRoots/crosswalk/ru_root_glosses.tsv (H347)
459	si	सि	si	5	13	99.8497	sinanti	связывающий	kosha/roots_frequency.json (H950) x WhitneyRoots/crosswalk/ru_root_glosses.tsv (H347)
460	sūd	सूद्	sūd	1	13	99.8521	suṣūdati	сделай привлекательными	kosha/roots_frequency.json (H950) x WhitneyRoots/crosswalk/ru_root_glosses.tsv (H347)
462	ścut	श्चुत्	ścut	1	13	99.8568	ścotanti	протекают по каплям	kosha/roots_frequency.json (H950) x WhitneyRoots/crosswalk/ru_root_glosses.tsv (H347)
463	dhvṛ	ध्वृ	dhvṛ	1	12	99.859	dhvara	чтобы сражать	kosha/roots_frequency.json (H950) x WhitneyRoots/crosswalk/ru_root_glosses.tsv (H347)
464	1 dī / 2 dī	दी	dī	4	12	99.8612	adīyam	летать	kosha/roots_frequency.json (H950) x WhitneyRoots/crosswalk/ru_root_glosses.tsv (H347)
465	sridh	स्रिध्	sridh	1	12	99.8633	sredhantaḥ	допустивших ошибки	kosha/roots_frequency.json (H950) x WhitneyRoots/crosswalk/ru_root_glosses.tsv (H347)
466	tuś	तुश्	tuś	1	12	99.8655	tośate	получить	kosha/roots_frequency.json (H950) x WhitneyRoots/crosswalk/ru_root_glosses.tsv (H347)
467	śiñj	शिञ्ज्	śiñj	2	12	99.8677	śiṅkte	гудеть	kosha/roots_frequency.json (H950) x WhitneyRoots/crosswalk/ru_root_glosses.tsv (H347)
468	bhaṣ	भष्	bhaṣ	1	11	99.8697	bhaṣanti	лаять	kosha/roots_frequency.json (H950) x WhitneyRoots/crosswalk/ru_root_glosses.tsv (H347)
469	cat	चत्	cat	1	11	99.8717	cattāya	Чатака	kosha/roots_frequency.json (H950) x WhitneyRoots/crosswalk/ru_root_glosses.tsv (H347)
470	inakṣ	इनक्ष्	inakṣ		11	99.8737	inakṣat	приближаться	kosha/roots_frequency.json (H950) x WhitneyRoots/crosswalk/ru_root_glosses.tsv (H347)
472	rap	रप्	rap	1	11	99.8777	rapema	шептать	kosha/roots_frequency.json (H950) x WhitneyRoots/crosswalk/ru_root_glosses.tsv (H347)
473	raṃh	रंह्	raṃh	1	11	99.8797	raṃhamāṇaḥ	поторопить	kosha/roots_frequency.json (H950) x WhitneyRoots/crosswalk/ru_root_glosses.tsv (H347)
475	yup	युप्	yup	4	11	99.8837	yupitā	нарушить	kosha/roots_frequency.json (H950) x WhitneyRoots/crosswalk/ru_root_glosses.tsv (H347)
476	an	अन्	an	1	10	99.8855	anati	один	kosha/roots_frequency.json (H950) x WhitneyRoots/crosswalk/ru_root_glosses.tsv (H347)
477	kaṣ	कष्	kaṣ	1	10	99.8874	kaṣeta	расчёсывающий	kosha/roots_frequency.json (H950) x WhitneyRoots/crosswalk/ru_root_glosses.tsv (H347)
478	kās	कास्	kās	1	10	99.8892	kāsate	засиять	kosha/roots_frequency.json (H950) x WhitneyRoots/crosswalk/ru_root_glosses.tsv (H347)
479	nas	नस्	nas	1	10	99.891	nasanta	соединяться	kosha/roots_frequency.json (H950) x WhitneyRoots/crosswalk/ru_root_glosses.tsv (H347)
480	pūy	पूय्	pūy	1	10	99.8928	pūyati	гнить	kosha/roots_frequency.json (H950) x WhitneyRoots/crosswalk/ru_root_glosses.tsv (H347)
482	sphūrj	स्फूर्ज्	sphūrj	1	10	99.8965	sphūrjat	раскаты	kosha/roots_frequency.json (H950) x WhitneyRoots/crosswalk/ru_root_glosses.tsv (H347)
483	vrādh	व्राध्	vrādh	1	10	99.8983	vrādhanta	расти	kosha/roots_frequency.json (H950) x WhitneyRoots/crosswalk/ru_root_glosses.tsv (H347)
485	glah	ग्लह्	glah	1	9	99.9017	glahate	делая ставки	kosha/roots_frequency.json (H950) x WhitneyRoots/crosswalk/ru_root_glosses.tsv (H347)
486	jas	जस्	jas	4	9	99.9034	jasyata	истощить	kosha/roots_frequency.json (H950) x WhitneyRoots/crosswalk/ru_root_glosses.tsv (H347)
487	kṣṇu	क्ष्णु	kṣṇu	2	9	99.905	kṣaṇute	Оттачивающий	kosha/roots_frequency.json (H950) x WhitneyRoots/crosswalk/ru_root_glosses.tsv (H347)
489	tarj	तर्ज्	tarj	1	9	99.9083	tarjyamānaḥ	оскорбляемая (угрожаемая)	kosha/roots_frequency.json (H950) x WhitneyRoots/crosswalk/ru_root_glosses.tsv (H347)
490	turv / tūrv	तूर्व्	tūrv	1	9	99.9099	tūrvan	спасать	kosha/roots_frequency.json (H950) x WhitneyRoots/crosswalk/ru_root_glosses.tsv (H347)
493	at	अत्	at	1	8	99.9147	atasi	протянутая	kosha/roots_frequency.json (H950) x WhitneyRoots/crosswalk/ru_root_glosses.tsv (H347)
495	dakṣ	दक्ष्	dakṣ	1	8	99.9176	dakṣamāṇo	в силе	kosha/roots_frequency.json (H950) x WhitneyRoots/crosswalk/ru_root_glosses.tsv (H347)
496	dhraj	ध्रज्	dhraj	1	8	99.919	dhrajato	спешащий	kosha/roots_frequency.json (H950) x WhitneyRoots/crosswalk/ru_root_glosses.tsv (H347)
497	dudh	दुध्	dudh	1	8	99.9205	dodhataḥ	буйные	kosha/roots_frequency.json (H950) x WhitneyRoots/crosswalk/ru_root_glosses.tsv (H347)
498	jvar	ज्वर्	jvar	1	8	99.9219	jvaryate	мучить себя	kosha/roots_frequency.json (H950) x WhitneyRoots/crosswalk/ru_root_glosses.tsv (H347)
499	kṛś	कृश्	kṛś	1	8	99.9234	kṛśitaḥ	исхудать	kosha/roots_frequency.json (H950) x WhitneyRoots/crosswalk/ru_root_glosses.tsv (H347)
500	pan	पन्	pan	1	8	99.9248	pananta	славиться	kosha/roots_frequency.json (H950) x WhitneyRoots/crosswalk/ru_root_glosses.tsv (H347)
501	tsar	त्सर्	tsar	1	8	99.9263	tsarati	украдкой	kosha/roots_frequency.json (H950) x WhitneyRoots/crosswalk/ru_root_glosses.tsv (H347)
502	1 vic / 2 vic	विच्	vic	4	8	99.9278	vinaktu	уединенный	kosha/roots_frequency.json (H950) x WhitneyRoots/crosswalk/ru_root_glosses.tsv (H347)
504	khel	खेल्	khel	1	7	99.9303	khelanti	игры	kosha/roots_frequency.json (H950) x WhitneyRoots/crosswalk/ru_root_glosses.tsv (H347)
505	kṣad	क्षद्	kṣad	1	7	99.9316	kṣadante	отдавший	kosha/roots_frequency.json (H950) x WhitneyRoots/crosswalk/ru_root_glosses.tsv (H347)
508	niṃs	निंस्	niṃs	2	7	99.9354	niṃsate	целовать	kosha/roots_frequency.json (H950) x WhitneyRoots/crosswalk/ru_root_glosses.tsv (H347)
509	pruth	प्रुथ्	pruth	1	7	99.9367	prothad	Храпением прогоняя	kosha/roots_frequency.json (H950) x WhitneyRoots/crosswalk/ru_root_glosses.tsv (H347)
510	pruṣ	प्रुष्	pruṣ	4	7	99.9379	pruṣṇute	кропить	kosha/roots_frequency.json (H950) x WhitneyRoots/crosswalk/ru_root_glosses.tsv (H347)
511	1 pī / 2 pī	पी	pī	4	7	99.9392	pīyati	идти	kosha/roots_frequency.json (H950) x WhitneyRoots/crosswalk/ru_root_glosses.tsv (H347)
513	tak	तक्	tak	2	7	99.9418	taktaḥ	кинуться	kosha/roots_frequency.json (H950) x WhitneyRoots/crosswalk/ru_root_glosses.tsv (H347)
514	tim	तिम्	tim	4	7	99.943	timyat	покой	kosha/roots_frequency.json (H950) x WhitneyRoots/crosswalk/ru_root_glosses.tsv (H347)
515	bharts	भर्त्स्	bharts	1	6	99.9441	bhartsyamānā	оскорбляемая	kosha/roots_frequency.json (H950) x WhitneyRoots/crosswalk/ru_root_glosses.tsv (H347)
516	hnu	ह्नु	hnu	1	6	99.9452	hnuvate	отпираться	kosha/roots_frequency.json (H950) x WhitneyRoots/crosswalk/ru_root_glosses.tsv (H347)
517	mith	मिथ्	mith	6	6	99.9463	mithatīr	противник	kosha/roots_frequency.json (H950) x WhitneyRoots/crosswalk/ru_root_glosses.tsv (H347)
518	mīl	मील्	mīl	1	6	99.9474	mīlita	закрыл глаза	kosha/roots_frequency.json (H950) x WhitneyRoots/crosswalk/ru_root_glosses.tsv (H347)
520	psā	प्सा	psā	2	6	99.9496	psāto	истреблять	kosha/roots_frequency.json (H950) x WhitneyRoots/crosswalk/ru_root_glosses.tsv (H347)
521	rup	रुप्	rup	6	6	99.9507	rūrupaḥ	погубить	kosha/roots_frequency.json (H950) x WhitneyRoots/crosswalk/ru_root_glosses.tsv (H347)
522	tij	तिज्	tij	1	6	99.9518	tejamānaḥ	заострять	kosha/roots_frequency.json (H950) x WhitneyRoots/crosswalk/ru_root_glosses.tsv (H347)
523	ār	आर्	ār	1,4	6	99.9529	āritaḥ	приведут в возбуждение	kosha/roots_frequency.json (H950) x WhitneyRoots/crosswalk/ru_root_glosses.tsv (H347)
524	śruṣ	श्रुष्	śruṣ	1	6	99.954	śroṣamāṇāḥ	слушаться	kosha/roots_frequency.json (H950) x WhitneyRoots/crosswalk/ru_root_glosses.tsv (H347)
525	śvit	श्वित्	śvit	1	6	99.9551	aśvait	белеть	kosha/roots_frequency.json (H950) x WhitneyRoots/crosswalk/ru_root_glosses.tsv (H347)
526	śyā	श्या	śyā	4	6	99.9561	śyāyati	Да наступит	kosha/roots_frequency.json (H950) x WhitneyRoots/crosswalk/ru_root_glosses.tsv (H347)
527	ṛd	ऋद्	ṛd	1	6	99.9572	ṛdantu	расступиться	kosha/roots_frequency.json (H950) x WhitneyRoots/crosswalk/ru_root_glosses.tsv (H347)
528	bhand	भन्द्	bhand	1	5	99.9581	bhandamāne	Радостно прославляемые	kosha/roots_frequency.json (H950) x WhitneyRoots/crosswalk/ru_root_glosses.tsv (H347)
529	bhiṣaj	भिषज्	bhiṣaj	2	5	99.9591	abhiṣṇak	целители	kosha/roots_frequency.json (H950) x WhitneyRoots/crosswalk/ru_root_glosses.tsv (H347)
530	jeh	जेह्	jeh	1	5	99.96	jehamānam	изнывать	kosha/roots_frequency.json (H950) x WhitneyRoots/crosswalk/ru_root_glosses.tsv (H347)
532	kuṣ	कुष्	kuṣ	9	5	99.9618	kuṣṇāti	терзавший	kosha/roots_frequency.json (H950) x WhitneyRoots/crosswalk/ru_root_glosses.tsv (H347)
533	rapś	रप्श्	rapś	1	5	99.9627	rapśate	переполненный	kosha/roots_frequency.json (H950) x WhitneyRoots/crosswalk/ru_root_glosses.tsv (H347)
534	taṃs	तंस्	taṃs	1	5	99.9636	tatasre	ослабить	kosha/roots_frequency.json (H950) x WhitneyRoots/crosswalk/ru_root_glosses.tsv (H347)
535	tu	तु	tu	2	5	99.9645	tūtāva	же	kosha/roots_frequency.json (H950) x WhitneyRoots/crosswalk/ru_root_glosses.tsv (H347)
536	vīj	वीज्	vīj	1	5	99.9654	vījet	овевать	kosha/roots_frequency.json (H950) x WhitneyRoots/crosswalk/ru_root_glosses.tsv (H347)
537	yād	याद्	yād	1	5	99.9663	yādamānāḥ	соединяющиеся	kosha/roots_frequency.json (H950) x WhitneyRoots/crosswalk/ru_root_glosses.tsv (H347)
539	1 akṣ / 2 akṣ	अक्ष्	akṣ	5	4	99.968	akṣṇuhi	в битве за ось и чеку (колесницы)	kosha/roots_frequency.json (H950) x WhitneyRoots/crosswalk/ru_root_glosses.tsv (H347)
541	bhan	भन्	bhan	1	4	99.9694	bhananta	говорить	kosha/roots_frequency.json (H950) x WhitneyRoots/crosswalk/ru_root_glosses.tsv (H347)
542	bhreṣ	भ्रेष्	bhreṣ	1	4	99.9702	bhreṣann	оступиться	kosha/roots_frequency.json (H950) x WhitneyRoots/crosswalk/ru_root_glosses.tsv (H347)
543	cup	चुप्	cup	1	4	99.9709	copati	двигаться	kosha/roots_frequency.json (H950) x WhitneyRoots/crosswalk/ru_root_glosses.tsv (H347)
545	kūrd	कूर्द्	kūrd	1	4	99.9723	kūrdat	приплясывать	kosha/roots_frequency.json (H950) x WhitneyRoots/crosswalk/ru_root_glosses.tsv (H347)
546	nikṣ	निक्ष्	nikṣ	1	4	99.9731	nikṣa	пробуравить	kosha/roots_frequency.json (H950) x WhitneyRoots/crosswalk/ru_root_glosses.tsv (H347)
547	ubh	उभ्	ubh	6	4	99.9738	ubhnāḥ	оба	kosha/roots_frequency.json (H950) x WhitneyRoots/crosswalk/ru_root_glosses.tsv (H347)
548	vat	वत्	vat	1	4	99.9745	vatema	сказать	kosha/roots_frequency.json (H950) x WhitneyRoots/crosswalk/ru_root_glosses.tsv (H347)
550	bharv	भर्व्	bharv	1	3	99.9758	bharvan	принести	kosha/roots_frequency.json (H950) x WhitneyRoots/crosswalk/ru_root_glosses.tsv (H347)
551	bhur	भुर्	bhur	6	3	99.9763	bhuramāṇaṃ	сотрясать	kosha/roots_frequency.json (H950) x WhitneyRoots/crosswalk/ru_root_glosses.tsv (H347)
552	dhav	धव्	dhav	1	3	99.9769	dhavadhve	сбегаться	kosha/roots_frequency.json (H950) x WhitneyRoots/crosswalk/ru_root_glosses.tsv (H347)
553	drū	द्रू	drū	9	3	99.9774	drūṇāno	бегун	kosha/roots_frequency.json (H950) x WhitneyRoots/crosswalk/ru_root_glosses.tsv (H347)
555	hās	हास्	hās	1	3	99.9785	hāsante	мчатся наперегонки	kosha/roots_frequency.json (H950) x WhitneyRoots/crosswalk/ru_root_glosses.tsv (H347)
557	mruc	म्रुच्	mruc	1	3	99.9796	amrucad	закат	kosha/roots_frequency.json (H950) x WhitneyRoots/crosswalk/ru_root_glosses.tsv (H347)
558	rip	रिप्	rip	6	3	99.9802	riptam	все вокруг	kosha/roots_frequency.json (H950) x WhitneyRoots/crosswalk/ru_root_glosses.tsv (H347)
559	sarj	सर्ज्	sarj	1	3	99.9807	sarjataḥ	скрипнуть	kosha/roots_frequency.json (H950) x WhitneyRoots/crosswalk/ru_root_glosses.tsv (H347)
560	snu	स्नु	snu	2	3	99.9813	snuta	вершины	kosha/roots_frequency.json (H950) x WhitneyRoots/crosswalk/ru_root_glosses.tsv (H347)
562	tand	तन्द्	tand	1	3	99.9823	tandate	слабеть	kosha/roots_frequency.json (H950) x WhitneyRoots/crosswalk/ru_root_glosses.tsv (H347)
563	tañc	तञ्च्	tañc	7	3	99.9829	tanacmi	взметнуться	kosha/roots_frequency.json (H950) x WhitneyRoots/crosswalk/ru_root_glosses.tsv (H347)
565	can	चन्	can	1	2	99.9838	caniṣṭaṃ	другие	kosha/roots_frequency.json (H950) x WhitneyRoots/crosswalk/ru_root_glosses.tsv (H347)
566	caṭ	चट्	caṭ	1	2	99.9842	caṭita	лезть	kosha/roots_frequency.json (H950) x WhitneyRoots/crosswalk/ru_root_glosses.tsv (H347)
567	dad	दद्	dad	1	2	99.9845	dadasva	дать	kosha/roots_frequency.json (H950) x WhitneyRoots/crosswalk/ru_root_glosses.tsv (H347)
568	dhan	धन्	dhan	1	2	99.9849	dadhanyuḥ	поднятая	kosha/roots_frequency.json (H950) x WhitneyRoots/crosswalk/ru_root_glosses.tsv (H347)
569	dās	दास्	dās	1	2	99.9853	dāsatu	угрожать	kosha/roots_frequency.json (H950) x WhitneyRoots/crosswalk/ru_root_glosses.tsv (H347)
570	dṛbh	दृभ्	dṛbh	6	2	99.9856	dṛbdha	Дарбхин	kosha/roots_frequency.json (H950) x WhitneyRoots/crosswalk/ru_root_glosses.tsv (H347)
575	jūrv	जूर्व्	jūrv	1	2	99.9874	jūrvan	спалить	kosha/roots_frequency.json (H950) x WhitneyRoots/crosswalk/ru_root_glosses.tsv (H347)
578	mnā	म्ना	mnā	1	2	99.9885	manan	считаться	kosha/roots_frequency.json (H950) x WhitneyRoots/crosswalk/ru_root_glosses.tsv (H347)
579	mṛch	मृछ्	mṛch	1	2	99.9889	mṛcchante	сталкиваться	kosha/roots_frequency.json (H950) x WhitneyRoots/crosswalk/ru_root_glosses.tsv (H347)
580	ned	नेद्	ned	1	2	99.9893	nedanty	производят сильный шум	kosha/roots_frequency.json (H950) x WhitneyRoots/crosswalk/ru_root_glosses.tsv (H347)
582	riś	रिश्	riś	6	2	99.99	riśantīḥ	отведать	kosha/roots_frequency.json (H950) x WhitneyRoots/crosswalk/ru_root_glosses.tsv (H347)
583	trap	त्रप्	trap	1	2	99.9904	traperan	стыдиться	kosha/roots_frequency.json (H950) x WhitneyRoots/crosswalk/ru_root_glosses.tsv (H347)
585	yas	यस्	yas	3	2	99.9911	yayastu	посвятить	kosha/roots_frequency.json (H950) x WhitneyRoots/crosswalk/ru_root_glosses.tsv (H347)
586	yeṣ	येष्	yeṣ	1	2	99.9914	yeṣantam	клокочущий	kosha/roots_frequency.json (H950) x WhitneyRoots/crosswalk/ru_root_glosses.tsv (H347)
587	śas	शस्	śas	4	2	99.9918	śāsti	наставление	kosha/roots_frequency.json (H950) x WhitneyRoots/crosswalk/ru_root_glosses.tsv (H347)
589	śriṣ	श्रिष्	śriṣ	4	2	99.9925	śriṣan	прикрепить	kosha/roots_frequency.json (H950) x WhitneyRoots/crosswalk/ru_root_glosses.tsv (H347)
590	śuj	शुज्	śuj	6	2	99.9929	śūśujānān	разбухать	kosha/roots_frequency.json (H950) x WhitneyRoots/crosswalk/ru_root_glosses.tsv (H347)
591	bhrī	भ्री	bhrī	7	1	99.9931	bhrīṇanti	ранить	kosha/roots_frequency.json (H950) x WhitneyRoots/crosswalk/ru_root_glosses.tsv (H347)
592	bhuraj	भुरज्	bhuraj	6	1	99.9933	bhurajanta	готовить	kosha/roots_frequency.json (H950) x WhitneyRoots/crosswalk/ru_root_glosses.tsv (H347)
593	bhyas	भ्यस्	bhyas		1	99.9934	abhyasetāṃ	упражняться	kosha/roots_frequency.json (H950) x WhitneyRoots/crosswalk/ru_root_glosses.tsv (H347)
594	cand	चन्द्	cand	1	1	99.9936	candati	покорный	kosha/roots_frequency.json (H950) x WhitneyRoots/crosswalk/ru_root_glosses.tsv (H347)
595	dan	दन्	dan	1	1	99.9938	dano	вода	kosha/roots_frequency.json (H950) x WhitneyRoots/crosswalk/ru_root_glosses.tsv (H347)
598	hūrch	हूर्छ्	hūrch	1	1	99.9944	hūrchantaṃ	страдать	kosha/roots_frequency.json (H950) x WhitneyRoots/crosswalk/ru_root_glosses.tsv (H347)
599	iradh	इरध्	iradh		1	99.9945	iradhanta	стремятся покорить	kosha/roots_frequency.json (H950) x WhitneyRoots/crosswalk/ru_root_glosses.tsv (H347)
600	jri	ज्रि	jri	1	1	99.9947	jrayati	охват	kosha/roots_frequency.json (H950) x WhitneyRoots/crosswalk/ru_root_glosses.tsv (H347)
604	khud	खुद्	khud	6	1	99.9955	khudata	вталкивать	kosha/roots_frequency.json (H950) x WhitneyRoots/crosswalk/ru_root_glosses.tsv (H347)
605	kū	कू	kū	6	1	99.9956	kuvate	где	kosha/roots_frequency.json (H950) x WhitneyRoots/crosswalk/ru_root_glosses.tsv (H347)
606	kṣā	क्षा	kṣā	4	1	99.9958	kṣāyatas	земля	kosha/roots_frequency.json (H950) x WhitneyRoots/crosswalk/ru_root_glosses.tsv (H347)
608	mrad	म्रद्	mrad	1	1	99.9962	mrada	смягчить	kosha/roots_frequency.json (H950) x WhitneyRoots/crosswalk/ru_root_glosses.tsv (H347)
610	mṛc	मृच्	mṛc	6	1	99.9965	mṛkṣīṣṭa	смертельным оружием	kosha/roots_frequency.json (H950) x WhitneyRoots/crosswalk/ru_root_glosses.tsv (H347)
611	mṛkṣ	मृक्ष्	mṛkṣ	6	1	99.9967	mimṛkṣuḥ	скребница	kosha/roots_frequency.json (H950) x WhitneyRoots/crosswalk/ru_root_glosses.tsv (H347)
612	1 nu / 2 nu	नु	nu	2	1	99.9969	anaviṣṭa	же	kosha/roots_frequency.json (H950) x WhitneyRoots/crosswalk/ru_root_glosses.tsv (H347)
615	riph	रिफ्	riph	6	1	99.9975	riphatī	хрипящая	kosha/roots_frequency.json (H950) x WhitneyRoots/crosswalk/ru_root_glosses.tsv (H347)
616	sku	स्कु	sku	8	1	99.9976	skūyamānasya	делает надрезы	kosha/roots_frequency.json (H950) x WhitneyRoots/crosswalk/ru_root_glosses.tsv (H347)
619	svād	स्वाद्	svād	1	1	99.9982	svādate	становится вкусным	kosha/roots_frequency.json (H950) x WhitneyRoots/crosswalk/ru_root_glosses.tsv (H347)
622	u	उ	u	5	1	99.9987	unoti	и	kosha/roots_frequency.json (H950) x WhitneyRoots/crosswalk/ru_root_glosses.tsv (H347)
626	yakṣ	यक्ष्	yakṣ	1	1	99.9995	yakṣanta	почтить	kosha/roots_frequency.json (H950) x WhitneyRoots/crosswalk/ru_root_glosses.tsv (H347)
628	ścam	श्चम्	ścam	9	1	99.9998	ścamnan	унять	kosha/roots_frequency.json (H950) x WhitneyRoots/crosswalk/ru_root_glosses.tsv (H347)
