workflow_id,name,active,isArchived,tags
AlDrByBqiJ20a75W,"My workflow",0,0,archive|legacy
VhLIACWtrYwC7fJW,"My workflow 10",0,0,archive|legacy
xVu3aaw13DJfWcpr,"My workflow 12",0,0,archive|legacy
y2gRwFpkoqZjIcyj,"My workflow 13",0,0,archive|legacy
UOHueG3PiVupVh7O,"My workflow 14",0,0,archive|legacy
xGFWEoEvZraUBdkD,"My workflow 16",0,0,archive|legacy
EIUuWQF7x3gjIW3R,"My workflow 17",0,0,archive|legacy
Wm0mLBukW2TWqHLh,"My workflow 18",0,0,archive|legacy
3Mzz3V6oPQquD3Bz,"My workflow 19",0,0,archive|legacy
YfdiM8FSYDFXNobW,"My workflow 2",0,0,archive|legacy
kABgakYrg6hcwPOd,"My workflow 20",0,0,archive|legacy
cXKrTSrWxCaVWJMB,"My workflow 21",0,0,archive|legacy
THnIiwwb4XVC7qns,"My workflow 22",0,0,archive|legacy
EBtkhJtLIU8JwP1g,"My workflow 23",0,0,archive|legacy
6ZwvfareQRIJoNTk,"My workflow 24",0,0,archive|legacy
hi6CqbX9UX0bQfaK,"My workflow 4",0,0,archive|legacy
l6j8t5RHyYtMI8vL,"My workflow 5",0,0,archive|legacy
4qNFy707GEtLZJpg,"My workflow 6",0,0,archive|legacy
2BdJGhwtCxRqGh9b,"My workflow 7",0,0,archive|legacy
kcrcj5GKWXuy6Lyk,"My workflow 8",0,0,archive|legacy
mgXS16QatfCvxlOV,ZOOM,0,0,archive|legacy
usc3QJOVj37bOCfM,"ZOOM 1.2...",0,1,archive|legacy
aiLHLvGPpR56g0o3,"ZOOM 1.3...",0,1,archive|legacy
iZAtDoeTV4eLRmA6,"ZOOM 1.4 (Final)",0,1,archive|legacy
MtN1h7FdF3JTmrse,"ZOOM 1.4 (Final) + АДМИНКА",0,0,archive|legacy
fDMCDXjS6ZWlkOwQ,"ZOOM 1.4 (Final) copy",0,0,archive|legacy
G1eqOsfzNGABo6nA,"ZOOM 1.5 (test)",0,0,archive|legacy
ANlSfL2YJpA0vO5F,"ZOOM 1.5 n.",0,1,archive|legacy
